Time,Date,Lon,Lat,Depth,Salinity,Temperature
2:23:42 pm,07/21/2015,-14.8037034,53.1997576,828.077,35.3902,8.6072
2:23:43 pm,07/21/2015,-14.8037034,53.1997576,828.23,35.3886,8.6071
2:23:44 pm,07/21/2015,-14.8036947,53.1997628,828.334,35.3896,8.6064
2:23:45 pm,07/21/2015,-14.8036947,53.1997628,828.39,35.3891,8.6063
2:23:46 pm,07/21/2015,-14.8036619,53.1997603,828.39,35.3904,8.6061
2:23:47 pm,07/21/2015,-14.8036619,53.1997603,828.391,35.3885,8.6056
2:23:48 pm,07/21/2015,-14.8036821,53.1997563,828.37,35.3883,8.605
2:23:49 pm,07/21/2015,-14.8036821,53.1997563,828.315,35.3892,8.6048
2:23:50 pm,07/21/2015,-14.8037079,53.1997592,828.371,35.3882,8.6046
2:23:51 pm,07/21/2015,-14.8037079,53.1997592,828.531,35.389,8.6045
2:23:52 pm,07/21/2015,-14.8037145,53.1997549,828.546,35.3905,8.6045
2:23:53 pm,07/21/2015,-14.8037145,53.1997549,828.636,35.3948,8.6041
2:23:54 pm,07/21/2015,-14.8036857,53.1997521,828.637,35.3907,8.6041
2:23:55 pm,07/21/2015,-14.8036857,53.1997521,828.582,35.3911,8.604
2:23:56 pm,07/21/2015,-14.8036848,53.1997515,828.534,35.3886,8.6032
2:23:57 pm,07/21/2015,-14.8036848,53.1997515,828.479,35.3885,8.6015
2:23:58 pm,07/21/2015,-14.8037184,53.1997467,828.479,35.3876,8.6015
2:23:59 pm,07/21/2015,-14.8037184,53.1997467,828.48,35.3888,8.6012
2:24:00 pm,07/21/2015,-14.8037006,53.1997518,828.535,35.3901,8.6009
2:24:01 pm,07/21/2015,-14.8037006,53.1997518,828.536,35.3898,8.6004
2:24:02 pm,07/21/2015,-14.8036829,53.1997627,828.536,35.3896,8.6001
2:24:03 pm,07/21/2015,-14.8036829,53.1997627,828.537,35.3885,8.5999
2:24:04 pm,07/21/2015,-14.8036931,53.1997548,828.482,35.3866,8.5999
2:24:05 pm,07/21/2015,-14.803711,53.1997511,828.427,35.389,8.5997
2:24:06 pm,07/21/2015,-14.803711,53.1997511,828.538,35.3879,8.5997
2:24:07 pm,07/21/2015,-14.8037034,53.1997526,828.483,35.3883,8.5997
2:24:08 pm,07/21/2015,-14.8037034,53.1997526,828.539,35.388,8.5996
2:24:09 pm,07/21/2015,-14.8037083,53.1997657,828.484,35.3893,8.5996
2:24:10 pm,07/21/2015,-14.8037083,53.1997657,828.484,35.3879,8.5993
2:24:11 pm,07/21/2015,-14.8036881,53.1997573,828.54,35.3885,8.5993
2:24:12 pm,07/21/2015,-14.8036881,53.1997573,828.485,35.3879,8.5991
2:24:13 pm,07/21/2015,-14.803709,53.1997447,828.541,35.3877,8.5991
2:24:14 pm,07/21/2015,-14.803709,53.1997447,828.486,35.3883,8.5986
2:24:15 pm,07/21/2015,-14.8037091,53.1997498,828.541,35.3877,8.5983
2:24:16 pm,07/21/2015,-14.8037091,53.1997498,828.486,35.3879,8.5983
2:24:17 pm,07/21/2015,-14.803695,53.1997496,828.542,35.3888,8.5979
2:24:18 pm,07/21/2015,-14.803695,53.1997496,828.487,35.3885,8.5976
2:24:19 pm,07/21/2015,-14.8037022,53.1997565,828.542,35.3874,8.5975
2:24:20 pm,07/21/2015,-14.8037022,53.1997565,828.487,35.3886,8.5973
2:24:21 pm,07/21/2015,-14.8037102,53.1997468,828.487,35.389,8.5968
2:24:22 pm,07/21/2015,-14.8037102,53.1997468,828.487,35.3883,8.5968
2:24:23 pm,07/21/2015,-14.8037015,53.1997512,828.508,35.3884,8.5966
2:24:24 pm,07/21/2015,-14.8037015,53.1997512,828.453,35.3866,8.5964
2:24:25 pm,07/21/2015,-14.8036919,53.1997552,828.453,35.3879,8.5962
2:24:26 pm,07/21/2015,-14.8036919,53.1997552,828.453,35.3865,8.596
2:24:27 pm,07/21/2015,-14.8037255,53.1997423,828.509,35.3883,8.5957
2:24:28 pm,07/21/2015,-14.8037255,53.1997423,828.509,35.3878,8.5955
2:24:29 pm,07/21/2015,-14.8037224,53.1997495,828.509,35.3879,8.5947
2:24:30 pm,07/21/2015,-14.8037224,53.1997495,828.509,35.3899,8.5932
2:24:31 pm,07/21/2015,-14.8037058,53.199756,828.454,35.3864,8.5929
2:24:32 pm,07/21/2015,-14.8037058,53.199756,828.51,35.3894,8.5928
2:24:33 pm,07/21/2015,-14.8036992,53.1997504,828.558,35.3881,8.5927
2:24:34 pm,07/21/2015,-14.8036992,53.1997504,828.558,35.3879,8.5927
2:24:35 pm,07/21/2015,-14.8037054,53.1997515,828.51,35.3874,8.5927
2:24:36 pm,07/21/2015,-14.8037054,53.1997515,828.51,35.3865,8.5921
2:24:37 pm,07/21/2015,-14.8037136,53.1997553,828.511,35.3872,8.5918
2:24:38 pm,07/21/2015,-14.8037136,53.1997553,828.455,35.3876,8.5918
2:24:39 pm,07/21/2015,-14.8037091,53.1997552,828.456,35.3878,8.5914
2:24:40 pm,07/21/2015,-14.8037091,53.1997552,828.511,35.3861,8.5906
2:24:41 pm,07/21/2015,-14.8036989,53.1997539,828.56,35.3865,8.5905
2:24:42 pm,07/21/2015,-14.8036989,53.1997539,828.456,35.389,8.5903
2:24:43 pm,07/21/2015,-14.8037084,53.1997512,828.512,35.3876,8.59
2:24:44 pm,07/21/2015,-14.8037084,53.1997512,828.512,35.3873,8.5896
2:24:45 pm,07/21/2015,-14.8037133,53.1997515,828.512,35.3875,8.5896
2:24:46 pm,07/21/2015,-14.8037133,53.1997515,828.513,35.388,8.5893
2:24:47 pm,07/21/2015,-14.8036943,53.1997705,828.457,35.3889,8.5887
2:24:48 pm,07/21/2015,-14.8036943,53.1997705,828.458,35.3877,8.5885
2:24:49 pm,07/21/2015,-14.8037031,53.1997566,828.513,35.388,8.5882
2:24:50 pm,07/21/2015,-14.8037031,53.1997566,828.458,35.3877,8.5872
2:24:51 pm,07/21/2015,-14.8037047,53.1997657,828.514,35.3872,8.5869
2:24:52 pm,07/21/2015,-14.8037047,53.1997657,828.514,35.3865,8.5865
2:24:53 pm,07/21/2015,-14.8037042,53.1997531,828.459,35.3869,8.5864
2:24:54 pm,07/21/2015,-14.8037042,53.1997531,828.46,35.3875,8.5862
2:24:55 pm,07/21/2015,-14.8037061,53.199755,828.515,35.3877,8.5854
2:24:56 pm,07/21/2015,-14.8037061,53.199755,828.46,35.3873,8.5854
2:24:57 pm,07/21/2015,-14.8037026,53.1997616,828.516,35.3864,8.5852
2:24:58 pm,07/21/2015,-14.8037026,53.1997616,828.516,35.3876,8.585
2:24:59 pm,07/21/2015,-14.8037091,53.1997569,828.461,35.3857,8.5847
2:25:00 pm,07/21/2015,-14.8037091,53.1997569,828.461,35.3873,8.5845
2:25:01 pm,07/21/2015,-14.8037089,53.1997596,828.462,35.3882,8.5844
2:25:02 pm,07/21/2015,-14.8037089,53.1997596,828.517,35.3867,8.5842
2:25:03 pm,07/21/2015,-14.8036905,53.1997572,828.517,35.3874,8.5837
2:25:04 pm,07/21/2015,-14.8036905,53.1997572,828.518,35.387,8.5837
2:25:05 pm,07/21/2015,-14.8036859,53.1997398,828.463,35.3878,8.5836
2:25:06 pm,07/21/2015,-14.8036859,53.1997398,828.463,35.3867,8.5836
2:25:07 pm,07/21/2015,-14.8037135,53.1997625,828.519,35.3876,8.5834
2:25:08 pm,07/21/2015,-14.8037135,53.1997625,828.464,35.3868,8.5829
2:25:09 pm,07/21/2015,-14.8037109,53.1997752,828.464,35.3873,8.5826
2:25:10 pm,07/21/2015,-14.8037109,53.1997752,828.52,35.3868,8.5826
2:25:11 pm,07/21/2015,-14.8036895,53.1997598,828.465,35.3862,8.5823
2:25:12 pm,07/21/2015,-14.8036895,53.1997598,828.465,35.3871,8.5823
2:25:13 pm,07/21/2015,-14.8036952,53.1997532,828.521,35.3856,8.5821
2:25:14 pm,07/21/2015,-14.8036952,53.1997532,828.521,35.3875,8.5819
2:25:15 pm,07/21/2015,-14.8036992,53.1997516,828.522,35.3878,8.5819
2:25:16 pm,07/21/2015,-14.8036992,53.1997516,828.522,35.3873,8.5818
2:25:17 pm,07/21/2015,-14.8036872,53.1997618,828.557,35.3868,8.5818
2:25:18 pm,07/21/2015,-14.8036872,53.1997618,828.558,35.3859,8.5816
2:25:19 pm,07/21/2015,-14.8037055,53.1997574,828.558,35.3876,8.5816
2:25:20 pm,07/21/2015,-14.8037055,53.1997574,828.503,35.387,8.5816
2:25:21 pm,07/21/2015,-14.8036986,53.1997552,828.559,35.388,8.5814
2:25:22 pm,07/21/2015,-14.8036986,53.1997552,828.503,35.3898,8.5814
2:25:23 pm,07/21/2015,-14.8037242,53.1997487,828.559,35.3882,8.581
2:25:24 pm,07/21/2015,-14.8037242,53.1997487,828.449,35.3874,8.5809
2:25:25 pm,07/21/2015,-14.8036924,53.199763,828.504,35.3871,8.5808
2:25:26 pm,07/21/2015,-14.8036924,53.199763,828.505,35.3876,8.5808
2:25:27 pm,07/21/2015,-14.8037001,53.1997514,828.505,35.3869,8.5806
2:25:28 pm,07/21/2015,-14.8037001,53.1997514,828.505,35.3872,8.5806
2:25:29 pm,07/21/2015,-14.8037062,53.199758,828.506,35.3872,8.5806
2:25:30 pm,07/21/2015,-14.8037062,53.199758,828.506,35.3876,8.5806
2:25:31 pm,07/21/2015,-14.8036987,53.1997605,828.472,35.3879,8.5805
2:25:32 pm,07/21/2015,-14.8036987,53.1997605,828.472,35.3871,8.5803
2:25:33 pm,07/21/2015,-14.8036988,53.1997494,828.473,35.388,8.5803
2:25:34 pm,07/21/2015,-14.8036868,53.1997601,828.529,35.3866,8.5801
2:25:35 pm,07/21/2015,-14.8036868,53.1997601,828.473,35.3874,8.5799
2:25:36 pm,07/21/2015,-14.8037022,53.1997469,828.529,35.3877,8.5795
2:25:37 pm,07/21/2015,-14.8037022,53.1997469,828.529,35.3858,8.5795
2:25:38 pm,07/21/2015,-14.8037207,53.1997371,828.53,35.3859,8.579
2:25:39 pm,07/21/2015,-14.8037207,53.1997371,828.53,35.3867,8.5788
2:25:40 pm,07/21/2015,-14.8036969,53.1997573,828.53,35.3877,8.5785
2:25:41 pm,07/21/2015,-14.8036969,53.1997573,828.579,35.3848,8.5783
2:25:42 pm,07/21/2015,-14.803704,53.1997487,828.475,35.3884,8.578
2:25:43 pm,07/21/2015,-14.803704,53.1997487,828.531,35.3856,8.5778
2:25:44 pm,07/21/2015,-14.8037032,53.1997542,828.476,35.3869,8.5777
2:25:45 pm,07/21/2015,-14.8037032,53.1997542,828.476,35.3859,8.5772
2:25:46 pm,07/21/2015,-14.8036921,53.199769,828.476,35.3864,8.5766
2:25:47 pm,07/21/2015,-14.8036921,53.199769,828.532,35.3869,8.5764
2:25:48 pm,07/21/2015,-14.803704,53.1997529,828.477,35.3867,8.5762
2:25:49 pm,07/21/2015,-14.803704,53.1997529,828.478,35.3867,8.5762
2:25:50 pm,07/21/2015,-14.8036971,53.1997524,828.478,35.3862,8.5759
2:25:51 pm,07/21/2015,-14.8036971,53.1997524,828.534,35.3865,8.5759
2:25:52 pm,07/21/2015,-14.8037059,53.1997569,828.479,35.3853,8.5751
2:25:53 pm,07/21/2015,-14.8037059,53.1997569,828.479,35.3862,8.5749
2:25:54 pm,07/21/2015,-14.8036916,53.1997547,828.535,35.3865,8.5748
2:25:55 pm,07/21/2015,-14.8036916,53.1997547,828.535,35.3861,8.5746
2:25:56 pm,07/21/2015,-14.8037078,53.1997488,828.535,35.3865,8.5744
2:25:57 pm,07/21/2015,-14.8037078,53.1997488,828.536,35.3866,8.5744
2:25:58 pm,07/21/2015,-14.8036859,53.1997484,828.536,35.3863,8.5743
2:25:59 pm,07/21/2015,-14.8036859,53.1997484,828.515,35.3868,8.5742
2:26:00 pm,07/21/2015,-14.803698,53.1997612,828.516,35.3864,8.5741
2:26:01 pm,07/21/2015,-14.803698,53.1997612,828.516,35.3867,8.5736
2:26:02 pm,07/21/2015,-14.8036987,53.1997652,828.516,35.3861,8.5733
2:26:03 pm,07/21/2015,-14.8036987,53.1997652,828.516,35.3866,8.5732
2:26:04 pm,07/21/2015,-14.8037047,53.1997629,828.461,35.3866,8.5728
2:26:05 pm,07/21/2015,-14.8037047,53.1997629,828.517,35.3861,8.5722
2:26:06 pm,07/21/2015,-14.8037001,53.1997602,828.462,35.3856,8.572
2:26:07 pm,07/21/2015,-14.8037001,53.1997602,828.517,35.3857,8.5718
2:26:08 pm,07/21/2015,-14.8036994,53.1997554,828.434,35.3858,8.5714
2:26:09 pm,07/21/2015,-14.8036994,53.1997554,828.483,35.3865,8.5708
2:26:10 pm,07/21/2015,-14.8036807,53.1997807,828.484,35.3862,8.5699
2:26:11 pm,07/21/2015,-14.8036807,53.1997807,828.484,35.3863,8.5694
2:26:12 pm,07/21/2015,-14.8036848,53.1997613,828.54,35.3866,8.5692
2:26:13 pm,07/21/2015,-14.8036848,53.1997613,828.485,35.3866,8.5691
2:26:14 pm,07/21/2015,-14.8037077,53.1997612,828.54,35.3859,8.5689
2:26:15 pm,07/21/2015,-14.8037077,53.1997612,828.541,35.3857,8.5686
2:26:16 pm,07/21/2015,-14.8036984,53.1997575,828.486,35.3861,8.5683
2:26:17 pm,07/21/2015,-14.8036984,53.1997575,828.486,35.3863,8.5678
2:26:18 pm,07/21/2015,-14.8036996,53.1997663,828.486,35.3861,8.5678
2:26:19 pm,07/21/2015,-14.8036996,53.1997663,828.486,35.3863,8.5674
2:26:20 pm,07/21/2015,-14.8037049,53.1997465,828.542,35.3852,8.5673
2:26:21 pm,07/21/2015,-14.8037049,53.1997465,828.487,35.3862,8.5669
2:26:22 pm,07/21/2015,-14.8036697,53.1997677,828.487,35.3856,8.5668
2:26:23 pm,07/21/2015,-14.8036697,53.1997677,828.488,35.3854,8.5661
2:26:24 pm,07/21/2015,-14.8036989,53.1997559,828.488,35.3859,8.5658
2:26:25 pm,07/21/2015,-14.8036989,53.1997559,828.488,35.3854,8.5655
2:26:26 pm,07/21/2015,-14.8036984,53.1997616,828.44,35.3858,8.5647
2:26:27 pm,07/21/2015,-14.8036984,53.1997616,828.489,35.3861,8.564
2:26:28 pm,07/21/2015,-14.8037067,53.19975,828.544,35.3855,8.5622
2:26:29 pm,07/21/2015,-14.8037067,53.19975,828.524,35.386,8.5608
2:26:30 pm,07/21/2015,-14.8036953,53.1997553,828.469,35.3865,8.5593
2:26:31 pm,07/21/2015,-14.8036967,53.199768,828.525,35.386,8.5586
2:26:32 pm,07/21/2015,-14.8036967,53.199768,828.47,35.3853,8.5569
2:26:33 pm,07/21/2015,-14.8036967,53.199768,828.526,35.3858,8.5541
2:26:34 pm,07/21/2015,-14.803705,53.1997626,828.526,35.3859,8.5399
2:26:35 pm,07/21/2015,-14.803705,53.1997626,828.527,35.3857,8.5344
2:26:36 pm,07/21/2015,-14.8036935,53.1997629,828.527,35.3851,8.5326
2:26:37 pm,07/21/2015,-14.8037034,53.1997623,828.493,35.3859,8.5313
2:26:38 pm,07/21/2015,-14.8037034,53.1997623,828.494,35.3861,8.5283
2:26:39 pm,07/21/2015,-14.8036958,53.1997571,828.55,35.3853,8.5277
2:26:40 pm,07/21/2015,-14.8036958,53.1997571,828.495,35.3853,8.527
2:26:41 pm,07/21/2015,-14.8037299,53.1997632,828.551,35.3859,8.523
2:26:42 pm,07/21/2015,-14.8037299,53.1997632,828.496,35.3858,8.5211
2:26:43 pm,07/21/2015,-14.8037012,53.1997672,828.496,35.3866,8.4987
2:26:44 pm,07/21/2015,-14.8037012,53.1997672,828.497,35.3859,8.4697
2:26:45 pm,07/21/2015,-14.803671,53.1997698,828.553,35.3854,8.4624
2:26:46 pm,07/21/2015,-14.803671,53.1997698,828.498,35.3856,8.4207
2:26:47 pm,07/21/2015,-14.803686,53.1997594,828.498,35.3854,8.4106
2:26:48 pm,07/21/2015,-14.803686,53.1997594,828.478,35.3851,8.4059
2:26:49 pm,07/21/2015,-14.8037094,53.1997554,828.478,35.3854,8.3993
2:26:50 pm,07/21/2015,-14.8037094,53.1997554,828.479,35.3856,8.3969
2:26:51 pm,07/21/2015,-14.8036893,53.1997672,828.534,35.3852,8.3918
2:26:52 pm,07/21/2015,-14.8036893,53.1997672,828.479,35.3853,8.3895
2:26:53 pm,07/21/2015,-14.8036978,53.1997593,828.48,35.3861,8.3862
2:26:54 pm,07/21/2015,-14.8036978,53.1997593,828.432,35.3854,8.384
2:26:55 pm,07/21/2015,-14.8037132,53.1997657,828.501,35.3848,8.3833
2:26:56 pm,07/21/2015,-14.8037132,53.1997657,828.502,35.3854,8.383
2:26:57 pm,07/21/2015,-14.8037056,53.1997582,828.502,35.3851,8.3827
2:26:58 pm,07/21/2015,-14.8037056,53.1997582,828.502,35.3851,8.3825
2:26:59 pm,07/21/2015,-14.8036966,53.1997617,828.503,35.385,8.3823
2:27:00 pm,07/21/2015,-14.8036966,53.1997617,828.503,35.3852,8.3823
2:27:01 pm,07/21/2015,-14.8036989,53.1997529,828.503,35.3856,8.3818
2:27:02 pm,07/21/2015,-14.8036989,53.1997529,828.455,35.3875,8.3818
2:27:03 pm,07/21/2015,-14.8036888,53.1997638,828.503,35.3856,8.3812
2:27:04 pm,07/21/2015,-14.8036888,53.1997638,828.504,35.385,8.3812
2:27:05 pm,07/21/2015,-14.8036989,53.1997605,828.455,35.3854,8.3801
2:27:06 pm,07/21/2015,-14.8036989,53.1997605,828.455,35.3849,8.3768
2:27:07 pm,07/21/2015,-14.8036815,53.1997559,828.56,35.3864,8.3755
2:27:08 pm,07/21/2015,-14.8036815,53.1997559,828.56,35.3871,8.375
2:27:09 pm,07/21/2015,-14.8036995,53.1997559,828.456,35.3869,8.3748
2:27:10 pm,07/21/2015,-14.8036995,53.1997559,828.505,35.3855,8.3741
2:27:11 pm,07/21/2015,-14.8036936,53.1997586,828.54,35.3854,8.3737
2:27:12 pm,07/21/2015,-14.8036936,53.1997586,828.54,35.3848,8.3712
2:27:13 pm,07/21/2015,-14.8036932,53.1997568,828.485,35.3855,8.3707
2:27:14 pm,07/21/2015,-14.8036932,53.1997568,828.485,35.3853,8.3704
2:27:15 pm,07/21/2015,-14.8036909,53.1997686,828.485,35.3846,8.3684
2:27:16 pm,07/21/2015,-14.8036909,53.1997686,828.485,35.3864,8.3672
2:27:17 pm,07/21/2015,-14.8036977,53.1997644,828.506,35.3856,8.3662
2:27:18 pm,07/21/2015,-14.8036977,53.1997644,828.458,35.3843,8.366
2:27:19 pm,07/21/2015,-14.803692,53.1997617,828.458,35.3865,8.3652
2:27:20 pm,07/21/2015,-14.803692,53.1997617,828.507,35.3844,8.3647
2:27:21 pm,07/21/2015,-14.8036845,53.1997643,828.507,35.3859,8.3642
2:27:22 pm,07/21/2015,-14.8036845,53.1997643,828.507,35.3853,8.364
2:27:23 pm,07/21/2015,-14.8036854,53.1997555,828.508,35.3858,8.3639
2:27:24 pm,07/21/2015,-14.8036854,53.1997555,828.459,35.3847,8.3627
2:27:25 pm,07/21/2015,-14.8037138,53.1997646,828.46,35.3864,8.3626
2:27:26 pm,07/21/2015,-14.8037138,53.1997646,828.508,35.3851,8.3622
2:27:27 pm,07/21/2015,-14.80371,53.1997455,828.509,35.3839,8.3613
2:27:28 pm,07/21/2015,-14.80371,53.1997455,828.509,35.384,8.3603
2:27:29 pm,07/21/2015,-14.8036775,53.1997649,828.509,35.3841,8.36
2:27:30 pm,07/21/2015,-14.8036775,53.1997649,828.461,35.3847,8.3598
2:27:31 pm,07/21/2015,-14.8036966,53.1997666,828.461,35.3848,8.3582
2:27:32 pm,07/21/2015,-14.8036966,53.1997666,828.441,35.3853,8.3579
2:27:33 pm,07/21/2015,-14.80373,53.1997654,828.49,35.3843,8.3574
2:27:34 pm,07/21/2015,-14.80373,53.1997654,828.546,35.3849,8.3564
2:27:35 pm,07/21/2015,-14.8037055,53.1997599,828.546,35.3839,8.3563
2:27:36 pm,07/21/2015,-14.8037055,53.1997599,828.491,35.3849,8.3556
2:27:37 pm,07/21/2015,-14.8036725,53.1997692,828.408,35.3851,8.3551
2:27:38 pm,07/21/2015,-14.8036725,53.1997692,828.512,35.3859,8.3544
2:27:39 pm,07/21/2015,-14.803714,53.1997678,828.464,35.3846,8.3536
2:27:40 pm,07/21/2015,-14.803714,53.1997678,828.513,35.3843,8.3526
2:27:41 pm,07/21/2015,-14.8037057,53.1997718,828.513,35.3847,8.3511
2:27:42 pm,07/21/2015,-14.8037057,53.1997718,828.513,35.3845,8.3508
2:27:43 pm,07/21/2015,-14.8036967,53.1997485,828.514,35.3847,8.35
2:27:44 pm,07/21/2015,-14.8036967,53.1997485,828.514,35.3848,8.3495
2:27:45 pm,07/21/2015,-14.8036923,53.1997646,828.514,35.3841,8.3476
2:27:46 pm,07/21/2015,-14.8036923,53.1997646,828.466,35.3843,8.3473
2:27:47 pm,07/21/2015,-14.8036818,53.199757,828.515,35.3847,8.3458
2:27:48 pm,07/21/2015,-14.8036818,53.199757,828.467,35.3846,8.345
2:27:49 pm,07/21/2015,-14.803714,53.1997684,828.468,35.3846,8.3438
2:27:50 pm,07/21/2015,-14.803714,53.1997684,828.496,35.3846,8.3435
2:27:51 pm,07/21/2015,-14.8037058,53.1997636,828.496,35.3846,8.3422
2:27:52 pm,07/21/2015,-14.8037058,53.1997636,828.496,35.3849,8.342
2:27:53 pm,07/21/2015,-14.8036946,53.1997697,828.497,35.3848,8.3418
2:27:54 pm,07/21/2015,-14.8036946,53.1997697,828.497,35.3855,8.3418
2:27:55 pm,07/21/2015,-14.8036943,53.1997708,828.498,35.3844,8.3414
2:27:56 pm,07/21/2015,-14.8036943,53.1997708,828.519,35.3842,8.3412
2:27:57 pm,07/21/2015,-14.8036887,53.1997617,828.471,35.3854,8.341
2:27:58 pm,07/21/2015,-14.8036887,53.1997617,828.471,35.3856,8.341
2:27:59 pm,07/21/2015,-14.8036918,53.1997675,828.472,35.3856,8.3409
2:28:00 pm,07/21/2015,-14.8036918,53.1997675,828.52,35.3845,8.3409
2:28:01 pm,07/21/2015,-14.8037035,53.1997599,828.417,35.3847,8.3407
2:28:02 pm,07/21/2015,-14.8037035,53.1997599,828.473,35.3841,8.3405
2:28:03 pm,07/21/2015,-14.8036965,53.1997615,828.473,35.3849,8.3402
2:28:04 pm,07/21/2015,-14.8036965,53.1997615,828.474,35.3841,8.3399
2:28:05 pm,07/21/2015,-14.8037063,53.1997682,828.419,35.3844,8.3397
2:28:06 pm,07/21/2015,-14.8037063,53.1997682,828.523,35.3834,8.3392
2:28:07 pm,07/21/2015,-14.8037016,53.1997513,828.503,35.3846,8.3384
2:28:08 pm,07/21/2015,-14.8037016,53.1997513,828.503,35.3841,8.3381
2:28:09 pm,07/21/2015,-14.8037297,53.1997712,828.455,35.384,8.3381
2:28:10 pm,07/21/2015,-14.8037297,53.1997712,828.504,35.3846,8.3376
2:28:11 pm,07/21/2015,-14.8037065,53.1997601,828.456,35.3842,8.3376
2:28:12 pm,07/21/2015,-14.8037065,53.1997601,828.477,35.3843,8.3373
2:28:13 pm,07/21/2015,-14.8037007,53.1997635,828.477,35.3837,8.3371
2:28:14 pm,07/21/2015,-14.8037007,53.1997635,828.422,35.3838,8.3363
2:28:15 pm,07/21/2015,-14.8037298,53.199742,828.478,35.3844,8.3363
2:28:16 pm,07/21/2015,-14.8037298,53.199742,828.478,35.3846,8.336
2:28:17 pm,07/21/2015,-14.8037098,53.199764,828.478,35.3849,8.336
2:28:18 pm,07/21/2015,-14.8037098,53.199764,828.478,35.3842,8.3357
2:28:19 pm,07/21/2015,-14.8036918,53.1997621,828.479,35.3842,8.3355
2:28:20 pm,07/21/2015,-14.8036918,53.1997621,828.479,35.3844,8.3349
2:28:21 pm,07/21/2015,-14.8037028,53.1997607,828.527,35.3842,8.3349
2:28:22 pm,07/21/2015,-14.8037028,53.1997607,828.479,35.3841,8.3345
2:28:23 pm,07/21/2015,-14.8037017,53.1997601,828.507,35.3847,8.3343
2:28:24 pm,07/21/2015,-14.8037082,53.1997612,828.508,35.3844,8.3342
2:28:25 pm,07/21/2015,-14.8037082,53.1997612,828.459,35.3839,8.3332
2:28:26 pm,07/21/2015,-14.8037122,53.1997559,828.46,35.3842,8.3321
2:28:27 pm,07/21/2015,-14.8037122,53.1997559,828.46,35.3839,8.3319
2:28:28 pm,07/21/2015,-14.8036905,53.1997604,828.529,35.3843,8.3317
2:28:29 pm,07/21/2015,-14.8036905,53.1997604,828.481,35.384,8.3316
2:28:30 pm,07/21/2015,-14.8036951,53.1997608,828.482,35.3838,8.3316
2:28:31 pm,07/21/2015,-14.8036951,53.1997608,828.482,35.3833,8.3312
2:28:32 pm,07/21/2015,-14.8037008,53.1997611,828.482,35.3835,8.3306
2:28:33 pm,07/21/2015,-14.8037008,53.1997611,828.482,35.384,8.3304
2:28:34 pm,07/21/2015,-14.8037331,53.1997686,828.483,35.3841,8.3278
2:28:35 pm,07/21/2015,-14.8037331,53.1997686,828.483,35.3837,8.3275
2:28:36 pm,07/21/2015,-14.8037025,53.1997557,828.483,35.3842,8.327
2:28:37 pm,07/21/2015,-14.8037025,53.1997557,828.483,35.384,8.327
2:28:38 pm,07/21/2015,-14.8036921,53.1997687,828.511,35.3838,8.3259
2:28:39 pm,07/21/2015,-14.8036921,53.1997687,828.511,35.3836,8.3257
2:28:40 pm,07/21/2015,-14.8036803,53.1997645,828.463,35.3842,8.3257
2:28:41 pm,07/21/2015,-14.8036803,53.1997645,828.512,35.3837,8.3245
2:28:42 pm,07/21/2015,-14.8036952,53.1997545,828.484,35.3835,8.3241
2:28:43 pm,07/21/2015,-14.8036952,53.1997545,828.485,35.3838,8.3229
2:28:44 pm,07/21/2015,-14.8036817,53.1997547,828.485,35.3832,8.3228
2:28:45 pm,07/21/2015,-14.8036817,53.1997547,828.485,35.3835,8.3224
2:28:46 pm,07/21/2015,-14.8036916,53.199757,828.485,35.3835,8.3224
2:28:47 pm,07/21/2015,-14.8036916,53.199757,828.43,35.3839,8.322
2:28:48 pm,07/21/2015,-14.8037235,53.1997557,828.486,35.3839,8.3215
2:28:49 pm,07/21/2015,-14.8037235,53.1997557,828.486,35.3839,8.3213
2:28:50 pm,07/21/2015,-14.8037034,53.199757,828.487,35.3832,8.3202
2:28:51 pm,07/21/2015,-14.8037034,53.199757,828.432,35.3839,8.3202
2:28:52 pm,07/21/2015,-14.8036889,53.1997584,828.515,35.3835,8.3195
2:28:53 pm,07/21/2015,-14.8036889,53.1997584,828.467,35.3835,8.3195
2:28:54 pm,07/21/2015,-14.8036875,53.199757,828.467,35.3836,8.3193
2:28:55 pm,07/21/2015,-14.8036875,53.199757,828.468,35.3837,8.3192
2:28:56 pm,07/21/2015,-14.803702,53.199758,828.433,35.3836,8.3192
2:28:57 pm,07/21/2015,-14.803702,53.199758,828.489,35.3832,8.3179
2:28:58 pm,07/21/2015,-14.8037008,53.1997698,828.489,35.3845,8.3177
2:28:59 pm,07/21/2015,-14.8037008,53.1997698,828.49,35.3827,8.3169
2:29:00 pm,07/21/2015,-14.8037049,53.1997535,828.49,35.3838,8.3164
2:29:01 pm,07/21/2015,-14.8037049,53.1997535,828.49,35.3831,8.3156
2:29:02 pm,07/21/2015,-14.8037116,53.1997568,828.491,35.3836,8.3151
2:29:03 pm,07/21/2015,-14.8037116,53.1997568,828.491,35.3834,8.3149
2:29:04 pm,07/21/2015,-14.8037115,53.1997591,828.491,35.3837,8.3149
2:29:05 pm,07/21/2015,-14.8037115,53.1997591,828.471,35.3834,8.3148
2:29:06 pm,07/21/2015,-14.8037011,53.1997616,828.472,35.3836,8.3148
2:29:07 pm,07/21/2015,-14.8037011,53.1997616,828.472,35.3832,8.3144
2:29:08 pm,07/21/2015,-14.8037124,53.1997601,828.493,35.3835,8.314
2:29:09 pm,07/21/2015,-14.8037124,53.1997601,828.494,35.3831,8.3135
2:29:10 pm,07/21/2015,-14.8037009,53.19977,828.439,35.3831,8.3133
2:29:11 pm,07/21/2015,-14.8037009,53.19977,828.439,35.3832,8.3133
2:29:12 pm,07/21/2015,-14.8037125,53.1997537,828.495,35.3835,8.313
2:29:13 pm,07/21/2015,-14.8037125,53.1997537,828.441,35.3831,8.313
2:29:14 pm,07/21/2015,-14.8037164,53.1997537,828.545,35.383,8.3127
2:29:15 pm,07/21/2015,-14.8037164,53.1997537,828.442,35.3832,8.3119
2:29:16 pm,07/21/2015,-14.8037079,53.1997544,828.498,35.3831,8.3117
2:29:17 pm,07/21/2015,-14.8037079,53.1997544,828.477,35.3827,8.3117
2:29:18 pm,07/21/2015,-14.8037065,53.1997559,828.423,35.3832,8.3114
2:29:19 pm,07/21/2015,-14.8037065,53.1997559,828.479,35.3827,8.3107
2:29:20 pm,07/21/2015,-14.8037008,53.1997695,828.479,35.3836,8.3106
2:29:21 pm,07/21/2015,-14.8037008,53.1997695,828.445,35.383,8.3099
2:29:22 pm,07/21/2015,-14.8037128,53.1997696,828.445,35.3829,8.3099
2:29:23 pm,07/21/2015,-14.8037128,53.1997696,828.501,35.3833,8.3094
2:29:24 pm,07/21/2015,-14.8037246,53.1997574,828.446,35.3822,8.3093
2:29:25 pm,07/21/2015,-14.8037246,53.1997574,828.447,35.3834,8.3093
2:29:26 pm,07/21/2015,-14.8036983,53.1997593,828.502,35.3827,8.3093
2:29:27 pm,07/21/2015,-14.8036983,53.1997593,828.503,35.3834,8.3091
2:29:28 pm,07/21/2015,-14.8037303,53.1997629,828.448,35.3839,8.3091
2:29:29 pm,07/21/2015,-14.8037303,53.1997629,828.531,35.3831,8.3084
2:29:30 pm,07/21/2015,-14.8037168,53.1997616,828.483,35.3832,8.3083
2:29:31 pm,07/21/2015,-14.8037032,53.1997602,828.428,35.3842,8.3081
2:29:32 pm,07/21/2015,-14.8037032,53.1997602,828.484,35.3827,8.308
2:29:33 pm,07/21/2015,-14.8037081,53.1997656,828.45,35.383,8.3078
2:29:34 pm,07/21/2015,-14.8037081,53.1997656,828.45,35.3835,8.3073
2:29:35 pm,07/21/2015,-14.8037065,53.1997576,828.506,35.3823,8.3072
2:29:36 pm,07/21/2015,-14.8037065,53.1997576,828.45,35.3831,8.3072
2:29:37 pm,07/21/2015,-14.8036981,53.1997598,828.451,35.3832,8.307
2:29:38 pm,07/21/2015,-14.8036981,53.1997598,828.451,35.3833,8.3063
2:29:39 pm,07/21/2015,-14.8037115,53.1997591,828.451,35.3829,8.3063
2:29:40 pm,07/21/2015,-14.8037115,53.1997591,828.403,35.3852,8.3061
2:29:41 pm,07/21/2015,-14.8037224,53.1997516,828.486,35.3829,8.306
2:29:42 pm,07/21/2015,-14.8037224,53.1997516,828.486,35.3852,8.3058
2:29:43 pm,07/21/2015,-14.8037004,53.1997621,828.487,35.3828,8.3055
2:29:44 pm,07/21/2015,-14.8037004,53.1997621,828.487,35.3828,8.3053
2:29:45 pm,07/21/2015,-14.8036724,53.1997637,828.508,35.3832,8.305
2:29:46 pm,07/21/2015,-14.8036724,53.1997637,828.453,35.3834,8.3048
2:29:47 pm,07/21/2015,-14.8037071,53.1997594,828.453,35.3798,8.3048
2:29:48 pm,07/21/2015,-14.8037071,53.1997594,828.508,35.3817,8.3048
2:29:49 pm,07/21/2015,-14.8037174,53.1997605,828.453,35.3859,8.3047
2:29:50 pm,07/21/2015,-14.8037174,53.1997605,828.509,35.3903,8.3047
2:29:51 pm,07/21/2015,-14.8037049,53.1997605,828.509,35.3811,8.3045
2:29:52 pm,07/21/2015,-14.8037049,53.1997605,828.454,35.3817,8.3045
2:29:53 pm,07/21/2015,-14.8036851,53.1997616,828.433,35.3858,8.3042
2:29:54 pm,07/21/2015,-14.8036851,53.1997616,828.434,35.3829,8.3039
2:29:55 pm,07/21/2015,-14.8037092,53.1997521,828.489,35.3838,8.3039
2:29:56 pm,07/21/2015,-14.8037092,53.1997521,828.51,35.3854,8.3039
2:29:57 pm,07/21/2015,-14.803684,53.1997443,828.455,35.3834,8.3032
2:29:58 pm,07/21/2015,-14.803684,53.1997443,828.511,35.3862,8.3032
2:29:59 pm,07/21/2015,-14.8036782,53.1997596,828.456,35.386,8.3032
2:30:00 pm,07/21/2015,-14.8036782,53.1997596,828.456,35.3857,8.3027
2:30:01 pm,07/21/2015,-14.8036939,53.1997634,828.456,35.3839,8.3027
2:30:02 pm,07/21/2015,-14.8036939,53.1997634,828.457,35.3826,8.3026
2:30:03 pm,07/21/2015,-14.803717,53.1997528,828.457,35.3856,8.3024
2:30:04 pm,07/21/2015,-14.803717,53.1997528,828.436,35.3822,8.3022
2:30:05 pm,07/21/2015,-14.8037158,53.1997564,828.437,35.3836,8.3021
2:30:06 pm,07/21/2015,-14.8037158,53.1997564,828.493,35.3825,8.3021
2:30:07 pm,07/21/2015,-14.8036977,53.1997597,828.458,35.3822,8.3019
2:30:08 pm,07/21/2015,-14.8036977,53.1997597,828.459,35.3837,8.3013
2:30:09 pm,07/21/2015,-14.8037013,53.1997558,828.459,35.3835,8.3011
2:30:10 pm,07/21/2015,-14.8037013,53.1997558,828.515,35.3835,8.301
2:30:11 pm,07/21/2015,-14.8037058,53.199762,828.46,35.3823,8.3008
2:30:12 pm,07/21/2015,-14.8037058,53.199762,828.46,35.3832,8.3008
2:30:13 pm,07/21/2015,-14.8037138,53.1997681,828.516,35.3834,8.3006
2:30:14 pm,07/21/2015,-14.8037138,53.1997681,828.46,35.3827,8.3006
2:30:15 pm,07/21/2015,-14.8037068,53.1997581,828.495,35.3828,8.3003
2:30:16 pm,07/21/2015,-14.8037068,53.1997581,828.496,35.385,8.3003
2:30:17 pm,07/21/2015,-14.8036992,53.1997636,828.441,35.3853,8.2996
2:30:18 pm,07/21/2015,-14.8036992,53.1997636,828.462,35.3828,8.2993
2:30:19 pm,07/21/2015,-14.8037052,53.1997618,828.462,35.3842,8.2993
2:30:20 pm,07/21/2015,-14.8037052,53.1997618,828.463,35.3834,8.2988
2:30:21 pm,07/21/2015,-14.8037087,53.1997657,828.463,35.3862,8.2987
2:30:22 pm,07/21/2015,-14.8037087,53.1997657,828.463,35.3835,8.2987
2:30:23 pm,07/21/2015,-14.803708,53.1997674,828.519,35.3846,8.2986
2:30:24 pm,07/21/2015,-14.803708,53.1997674,828.464,35.384,8.2984
2:30:25 pm,07/21/2015,-14.8037093,53.1997666,828.499,35.3821,8.2982
2:30:26 pm,07/21/2015,-14.8037093,53.1997666,828.444,35.3845,8.2979
2:30:27 pm,07/21/2015,-14.8037034,53.1997569,828.445,35.3839,8.2975
2:30:28 pm,07/21/2015,-14.8037034,53.1997569,828.466,35.3832,8.2974
2:30:29 pm,07/21/2015,-14.8037178,53.1997544,828.466,35.3817,8.297
2:30:30 pm,07/21/2015,-14.8037029,53.1997614,828.522,35.3843,8.2968
2:30:31 pm,07/21/2015,-14.8037029,53.1997614,828.467,35.3842,8.2968
2:30:32 pm,07/21/2015,-14.8037031,53.1997545,828.467,35.3831,8.2965
2:30:33 pm,07/21/2015,-14.8037031,53.1997545,828.523,35.3843,8.2965
2:30:34 pm,07/21/2015,-14.8037506,53.1997347,828.468,35.3853,8.2962
2:30:35 pm,07/21/2015,-14.8037506,53.1997347,828.448,35.3846,8.2962
2:30:36 pm,07/21/2015,-14.8037011,53.1997558,828.448,35.3805,8.296
2:30:37 pm,07/21/2015,-14.8037011,53.1997558,828.449,35.3823,8.2959
2:30:38 pm,07/21/2015,-14.8037011,53.1997558,828.525,35.3846,8.2951
2:30:39 pm,07/21/2015,-14.8037011,53.1997558,828.47,35.3833,8.295
2:30:40 pm,07/21/2015,-14.8036687,53.1997739,828.422,35.3816,8.2949
2:30:41 pm,07/21/2015,-14.8036687,53.1997739,828.471,35.3838,8.2947
2:30:42 pm,07/21/2015,-14.8036991,53.1997516,828.471,35.3845,8.2947
2:30:43 pm,07/21/2015,-14.8036991,53.1997516,828.527,35.3847,8.2944
2:30:44 pm,07/21/2015,-14.803698,53.1997637,828.472,35.3839,8.2941
2:30:45 pm,07/21/2015,-14.803698,53.1997637,828.452,35.3843,8.2939
2:30:46 pm,07/21/2015,-14.8036879,53.1997616,828.508,35.3845,8.2939
2:30:47 pm,07/21/2015,-14.8036879,53.1997616,828.452,35.3828,8.2938
2:30:48 pm,07/21/2015,-14.8036968,53.199757,828.425,35.3847,8.2936
2:30:49 pm,07/21/2015,-14.8036968,53.199757,828.474,35.3822,8.2936
2:30:50 pm,07/21/2015,-14.8036984,53.1997652,828.474,35.3897,8.2933
2:30:51 pm,07/21/2015,-14.8036984,53.1997652,828.426,35.3832,8.2933
2:30:52 pm,07/21/2015,-14.8037069,53.1997514,828.426,35.3832,8.2933
2:30:53 pm,07/21/2015,-14.8037069,53.1997514,828.475,35.3848,8.293
2:30:54 pm,07/21/2015,-14.8036923,53.1997564,828.427,35.3823,8.293
2:30:55 pm,07/21/2015,-14.8036923,53.1997564,828.511,35.3823,8.2928
2:30:56 pm,07/21/2015,-14.8036799,53.1997563,828.511,35.3844,8.2928
2:30:57 pm,07/21/2015,-14.8036799,53.1997563,828.512,35.3825,8.2926
2:30:58 pm,07/21/2015,-14.8037046,53.1997548,828.477,35.3852,8.2921
2:30:59 pm,07/21/2015,-14.8037046,53.1997548,828.478,35.3788,8.2918
2:31:00 pm,07/21/2015,-14.8037002,53.1997643,828.478,35.3839,8.2917
2:31:01 pm,07/21/2015,-14.8037002,53.1997643,828.479,35.3838,8.2915
2:31:02 pm,07/21/2015,-14.8036848,53.1997569,828.479,35.3807,8.2909
2:31:03 pm,07/21/2015,-14.8036848,53.1997569,828.479,35.3828,8.2904
2:31:04 pm,07/21/2015,-14.8037031,53.1997529,828.48,35.3832,8.2904
2:31:05 pm,07/21/2015,-14.8037031,53.1997529,828.459,35.3839,8.2902
2:31:06 pm,07/21/2015,-14.8036911,53.1997604,828.515,35.3814,8.2902
2:31:07 pm,07/21/2015,-14.8036911,53.1997604,828.48,35.3813,8.2902
2:31:08 pm,07/21/2015,-14.8036896,53.1997556,828.536,35.3833,8.2902
2:31:09 pm,07/21/2015,-14.8036896,53.1997556,828.481,35.3814,8.2899
2:31:10 pm,07/21/2015,-14.8037153,53.1997414,828.481,35.38,8.2899
2:31:11 pm,07/21/2015,-14.8037153,53.1997414,828.461,35.3844,8.2896
2:31:12 pm,07/21/2015,-14.8037169,53.1997453,828.461,35.382,8.2894
2:31:13 pm,07/21/2015,-14.8037169,53.1997453,828.461,35.3832,8.2894
2:31:14 pm,07/21/2015,-14.8037104,53.1997535,828.482,35.38,8.2894
2:31:15 pm,07/21/2015,-14.8037104,53.1997535,828.483,35.3833,8.2892
2:31:16 pm,07/21/2015,-14.8037047,53.1997744,828.435,35.3815,8.2891
2:31:17 pm,07/21/2015,-14.8037047,53.1997744,828.483,35.3819,8.2889
2:31:18 pm,07/21/2015,-14.8036908,53.1997556,828.484,35.3828,8.2887
2:31:19 pm,07/21/2015,-14.8036908,53.1997556,828.484,35.3828,8.2886
2:31:20 pm,07/21/2015,-14.8036853,53.1997538,828.436,35.3826,8.2886
2:31:21 pm,07/21/2015,-14.8036853,53.1997538,828.464,35.3825,8.2884
2:31:22 pm,07/21/2015,-14.8037071,53.1997553,828.464,35.3827,8.2882
2:31:23 pm,07/21/2015,-14.8037071,53.1997553,828.437,35.3822,8.2879
2:31:24 pm,07/21/2015,-14.8037043,53.199757,828.486,35.3821,8.2876
2:31:25 pm,07/21/2015,-14.8037043,53.199757,828.486,35.3813,8.2876
2:31:26 pm,07/21/2015,-14.8036869,53.1997584,828.438,35.3815,8.2872
2:31:27 pm,07/21/2015,-14.8036869,53.1997584,828.487,35.3822,8.2872
2:31:28 pm,07/21/2015,-14.8037055,53.1997558,828.487,35.3825,8.2871
2:31:29 pm,07/21/2015,-14.8037055,53.1997558,828.439,35.3828,8.2871
2:31:30 pm,07/21/2015,-14.8037229,53.1997472,828.467,35.3823,8.2871
2:31:31 pm,07/21/2015,-14.8037229,53.1997472,828.467,35.3817,8.2869
2:31:32 pm,07/21/2015,-14.8037096,53.1997638,828.44,35.3824,8.2868
2:31:33 pm,07/21/2015,-14.8037096,53.1997638,828.489,35.3833,8.2868
2:31:34 pm,07/21/2015,-14.8037058,53.1997544,828.441,35.3827,8.2866
2:31:35 pm,07/21/2015,-14.8037058,53.1997544,828.49,35.3821,8.2864
2:31:36 pm,07/21/2015,-14.8036991,53.1997555,828.491,35.3816,8.2861
2:31:37 pm,07/21/2015,-14.8037155,53.1997504,828.443,35.381,8.2858
2:31:38 pm,07/21/2015,-14.8037155,53.1997504,828.492,35.3812,8.2858
2:31:39 pm,07/21/2015,-14.8037155,53.1997504,828.472,35.3843,8.2853
2:31:40 pm,07/21/2015,-14.8037242,53.1997544,828.424,35.3825,8.2851
2:31:41 pm,07/21/2015,-14.8037242,53.1997544,828.494,35.382,8.285
2:31:42 pm,07/21/2015,-14.803678,53.1997742,828.494,35.3821,8.2846
2:31:43 pm,07/21/2015,-14.8037202,53.1997511,828.446,35.382,8.2845
2:31:44 pm,07/21/2015,-14.8037202,53.1997511,828.495,35.3818,8.2845
2:31:45 pm,07/21/2015,-14.8037212,53.1997525,828.496,35.382,8.2845
2:31:46 pm,07/21/2015,-14.8037212,53.1997525,828.448,35.3829,8.2842
2:31:47 pm,07/21/2015,-14.8037223,53.1997549,828.476,35.3821,8.2842
2:31:48 pm,07/21/2015,-14.8037223,53.1997549,828.428,35.3825,8.284
2:31:49 pm,07/21/2015,-14.8037087,53.1997495,828.428,35.3804,8.284
2:31:50 pm,07/21/2015,-14.8037087,53.1997495,828.498,35.3814,8.2838
2:31:51 pm,07/21/2015,-14.8037253,53.19975,828.45,35.387,8.2838
2:31:52 pm,07/21/2015,-14.8037253,53.19975,828.45,35.3756,8.2837
2:31:53 pm,07/21/2015,-14.8037137,53.1997528,828.451,35.384,8.2837
2:31:54 pm,07/21/2015,-14.8037137,53.1997528,828.5,35.3819,8.2837
2:31:55 pm,07/21/2015,-14.8037086,53.1997522,828.452,35.3818,8.2837
2:31:56 pm,07/21/2015,-14.8037086,53.1997522,828.48,35.3784,8.2835
2:31:57 pm,07/21/2015,-14.8037168,53.1997436,828.431,35.3852,8.2834
2:31:58 pm,07/21/2015,-14.8037168,53.1997436,828.453,35.379,8.2832
2:31:59 pm,07/21/2015,-14.803719,53.1997565,828.501,35.3834,8.283
2:32:00 pm,07/21/2015,-14.803719,53.1997565,828.453,35.3834,8.283
2:32:01 pm,07/21/2015,-14.8037162,53.199762,828.454,35.3899,8.283
2:32:02 pm,07/21/2015,-14.8037162,53.199762,828.454,35.3805,8.283
2:32:03 pm,07/21/2015,-14.8037069,53.1997729,828.454,35.384,8.2828
2:32:04 pm,07/21/2015,-14.8037069,53.1997729,828.482,35.3816,8.2827
2:32:05 pm,07/21/2015,-14.8037124,53.1997483,828.482,35.3801,8.2827
2:32:06 pm,07/21/2015,-14.8037124,53.1997483,828.434,35.3793,8.2827
2:32:07 pm,07/21/2015,-14.8037164,53.1997616,828.455,35.3807,8.2827
2:32:08 pm,07/21/2015,-14.8037164,53.1997616,828.455,35.3787,8.2824
2:32:09 pm,07/21/2015,-14.8037125,53.1997621,828.504,35.3801,8.2822
2:32:10 pm,07/21/2015,-14.8037125,53.1997621,828.504,35.3805,8.2822
2:32:11 pm,07/21/2015,-14.8037149,53.1997531,828.456,35.3854,8.2822
2:32:12 pm,07/21/2015,-14.8037149,53.1997531,828.505,35.3841,8.2821
2:32:13 pm,07/21/2015,-14.8037347,53.1997528,828.436,35.3874,8.2821
2:32:14 pm,07/21/2015,-14.8037347,53.1997528,828.436,35.3857,8.2821
2:32:15 pm,07/21/2015,-14.8037173,53.19976,828.457,35.3848,8.2821
2:32:16 pm,07/21/2015,-14.8037173,53.19976,828.457,35.382,8.2819
2:32:17 pm,07/21/2015,-14.8037487,53.1997633,828.457,35.3853,8.2817
2:32:18 pm,07/21/2015,-14.8037487,53.1997633,828.458,35.3818,8.2817
2:32:19 pm,07/21/2015,-14.803719,53.1997537,828.458,35.3815,8.2814
2:32:20 pm,07/21/2015,-14.803719,53.1997537,828.507,35.3796,8.2814
2:32:21 pm,07/21/2015,-14.803719,53.1997537,828.486,35.3846,8.2812
2:32:22 pm,07/21/2015,-14.803719,53.1997537,828.438,35.3831,8.2811
2:32:23 pm,07/21/2015,-14.803719,53.1997537,828.404,35.3818,8.2811
2:32:24 pm,07/21/2015,-14.8037298,53.19975,828.459,35.3834,8.2809
2:32:25 pm,07/21/2015,-14.8037298,53.19975,828.46,35.3846,8.2803
2:32:26 pm,07/21/2015,-14.8036946,53.1997405,828.509,35.3822,8.2803
2:32:27 pm,07/21/2015,-14.8036946,53.1997405,828.461,35.3803,8.2799
2:32:28 pm,07/21/2015,-14.8037187,53.1997541,828.461,35.3833,8.2797
2:32:29 pm,07/21/2015,-14.8037187,53.1997541,828.441,35.3853,8.2796
2:32:30 pm,07/21/2015,-14.803716,53.1997529,828.441,35.3833,8.2794
2:32:31 pm,07/21/2015,-14.803716,53.1997529,828.407,35.3811,8.2794
2:32:32 pm,07/21/2015,-14.8037085,53.1997509,828.462,35.3825,8.2793
2:32:33 pm,07/21/2015,-14.8037085,53.1997509,828.463,35.3813,8.2791
2:32:34 pm,07/21/2015,-14.8037105,53.1997458,828.463,35.3827,8.2789
2:32:35 pm,07/21/2015,-14.8037248,53.1997555,828.512,35.3833,8.2788
2:32:36 pm,07/21/2015,-14.8037248,53.1997555,828.464,35.3822,8.2788
2:32:37 pm,07/21/2015,-14.8037248,53.1997555,828.443,35.3814,8.2786
2:32:38 pm,07/21/2015,-14.8037209,53.1997534,828.443,35.3809,8.2786
2:32:39 pm,07/21/2015,-14.8037039,53.1997497,828.465,35.3819,8.2783
2:32:40 pm,07/21/2015,-14.8037039,53.1997497,828.514,35.3827,8.2783
2:32:41 pm,07/21/2015,-14.8037021,53.1997504,828.465,35.3808,8.2778
2:32:42 pm,07/21/2015,-14.8037021,53.1997504,828.466,35.3815,8.2776
2:32:43 pm,07/21/2015,-14.8037343,53.1997693,828.411,35.3821,8.2776
2:32:44 pm,07/21/2015,-14.8037343,53.1997693,828.467,35.3811,8.2775
2:32:45 pm,07/21/2015,-14.8037257,53.1997561,828.495,35.3809,8.2774
2:32:46 pm,07/21/2015,-14.8037257,53.1997561,828.447,35.3818,8.2773
2:32:47 pm,07/21/2015,-14.8037196,53.1997538,828.468,35.3815,8.2772
2:32:48 pm,07/21/2015,-14.8037196,53.1997538,828.468,35.3813,8.277
2:32:49 pm,07/21/2015,-14.8037185,53.1997504,828.469,35.3806,8.2768
2:32:50 pm,07/21/2015,-14.8037185,53.1997504,828.469,35.3815,8.2768
2:32:51 pm,07/21/2015,-14.8037095,53.1997522,828.47,35.3807,8.2767
2:32:52 pm,07/21/2015,-14.8037095,53.1997522,828.47,35.3818,8.2765
2:32:53 pm,07/21/2015,-14.8037083,53.1997624,828.45,35.3819,8.276
2:32:54 pm,07/21/2015,-14.8037083,53.1997624,828.45,35.3809,8.276
2:32:55 pm,07/21/2015,-14.803726,53.199755,828.471,35.3815,8.276
2:32:56 pm,07/21/2015,-14.803726,53.199755,828.472,35.381,8.2757
2:32:57 pm,07/21/2015,-14.8037056,53.1997541,828.472,35.382,8.2754
2:32:58 pm,07/21/2015,-14.8037056,53.1997541,828.472,35.3814,8.2754
2:32:59 pm,07/21/2015,-14.8037152,53.1997517,828.417,35.3818,8.2752
2:33:00 pm,07/21/2015,-14.8037152,53.1997517,828.293,35.3819,8.2751
2:33:01 pm,07/21/2015,-14.8037119,53.1997535,828.293,35.3816,8.275
2:33:02 pm,07/21/2015,-14.8037119,53.1997535,828.162,35.3817,8.2749
2:33:03 pm,07/21/2015,-14.8037099,53.1997488,828.163,35.3814,8.2749
2:33:04 pm,07/21/2015,-14.8037099,53.1997488,828.191,35.3815,8.2746
2:33:05 pm,07/21/2015,-14.803704,53.1997611,828.163,35.3818,8.2745
2:33:06 pm,07/21/2015,-14.803704,53.1997611,828.108,35.3813,8.2744
2:33:07 pm,07/21/2015,-14.8037175,53.199754,828.088,35.3819,8.2742
2:33:08 pm,07/21/2015,-14.8037175,53.199754,828.061,35.3817,8.2742
2:33:09 pm,07/21/2015,-14.8037002,53.1997687,828.061,35.3829,8.2742
2:33:10 pm,07/21/2015,-14.8037002,53.1997687,828.04,35.3816,8.2741
2:33:11 pm,07/21/2015,-14.8037241,53.1997523,828.006,35.3812,8.2741
2:33:12 pm,07/21/2015,-14.8037241,53.1997523,828.007,35.3812,8.2741
2:33:13 pm,07/21/2015,-14.8037123,53.1997346,828.042,35.3815,8.2738
2:33:14 pm,07/21/2015,-14.8037123,53.1997346,828.111,35.3825,8.2736
2:33:15 pm,07/21/2015,-14.8037122,53.1997543,828.063,35.3819,8.2734
2:33:16 pm,07/21/2015,-14.8037122,53.1997543,828.064,35.3792,8.2731
2:33:17 pm,07/21/2015,-14.8037116,53.1997511,828.113,35.3753,8.2731
2:33:18 pm,07/21/2015,-14.8037116,53.1997511,828.092,35.38,8.2729
2:33:19 pm,07/21/2015,-14.8037078,53.1997505,828.169,35.3879,8.2728
2:33:20 pm,07/21/2015,-14.8037078,53.1997505,828.114,35.3853,8.2728
2:33:21 pm,07/21/2015,-14.8037148,53.1997503,828.114,35.3892,8.2728
2:33:22 pm,07/21/2015,-14.8037148,53.1997503,828.198,35.3897,8.2726
2:33:23 pm,07/21/2015,-14.8037129,53.1997459,828.17,35.3854,8.2726
2:33:24 pm,07/21/2015,-14.8037129,53.1997459,828.275,35.3815,8.2724
2:33:25 pm,07/21/2015,-14.8037106,53.1997467,828.199,35.3815,8.2723
2:33:26 pm,07/21/2015,-14.8037106,53.1997467,828.22,35.3829,8.2723
2:33:27 pm,07/21/2015,-14.8037026,53.1997414,828.276,35.3847,8.272
2:33:28 pm,07/21/2015,-14.8037026,53.1997414,828.324,35.3825,8.272
2:33:29 pm,07/21/2015,-14.8037145,53.19974,828.304,35.383,8.2719
2:33:30 pm,07/21/2015,-14.8037145,53.19974,828.304,35.3834,8.2718
2:33:31 pm,07/21/2015,-14.803717,53.1997324,828.277,35.3839,8.2716
2:33:32 pm,07/21/2015,-14.803717,53.1997324,828.277,35.3835,8.2715
2:33:33 pm,07/21/2015,-14.8037014,53.1997293,828.326,35.3822,8.2713
2:33:34 pm,07/21/2015,-14.8037014,53.1997293,828.201,35.3817,8.2708
2:33:35 pm,07/21/2015,-14.8036866,53.1997283,828.278,35.3836,8.2705
2:33:36 pm,07/21/2015,-14.8036866,53.1997283,828.327,35.3841,8.2705
2:33:37 pm,07/21/2015,-14.8037014,53.1997259,828.327,35.382,8.2705
2:33:38 pm,07/21/2015,-14.8037014,53.1997259,828.362,35.3828,8.2703
2:33:39 pm,07/21/2015,-14.8036948,53.1997272,828.28,35.3815,8.2703
2:33:40 pm,07/21/2015,-14.8036948,53.1997272,828.328,35.3835,8.27
2:33:41 pm,07/21/2015,-14.8037105,53.1997293,828.28,35.3834,8.27
2:33:42 pm,07/21/2015,-14.8037105,53.1997293,828.177,35.3824,8.2698
2:33:43 pm,07/21/2015,-14.8037118,53.1997193,828.205,35.3835,8.2697
2:33:44 pm,07/21/2015,-14.8037118,53.1997193,828.281,35.3818,8.2695
2:33:45 pm,07/21/2015,-14.8036922,53.1997173,828.178,35.3839,8.2695
2:33:46 pm,07/21/2015,-14.8036922,53.1997173,828.226,35.3865,8.2693
2:33:47 pm,07/21/2015,-14.8036902,53.199729,828.206,35.3844,8.2693
2:33:48 pm,07/21/2015,-14.8036902,53.199729,828.123,35.3867,8.2688
2:33:49 pm,07/21/2015,-14.8037035,53.199731,828.02,35.3842,8.2687
2:33:50 pm,07/21/2015,-14.8037035,53.199731,828.055,35.3917,8.2687
2:33:51 pm,07/21/2015,-14.8036941,53.199731,827.972,35.3858,8.2685
2:33:52 pm,07/21/2015,-14.8036941,53.199731,827.848,35.3747,8.2684
2:33:53 pm,07/21/2015,-14.8036832,53.1997285,827.869,35.3834,8.2684
2:33:54 pm,07/21/2015,-14.8036832,53.1997285,827.69,35.3848,8.2684
2:33:55 pm,07/21/2015,-14.8037109,53.1997197,827.607,35.3861,8.2682
2:33:56 pm,07/21/2015,-14.8037109,53.1997197,827.608,35.3712,8.2682
2:33:57 pm,07/21/2015,-14.8036983,53.1997264,827.505,35.3852,8.2682
2:33:58 pm,07/21/2015,-14.8037053,53.1997284,827.45,35.3831,8.2681
2:33:59 pm,07/21/2015,-14.8037053,53.1997284,827.402,35.3837,8.268
2:34:00 pm,07/21/2015,-14.8036696,53.1997159,827.333,35.3861,8.2677
2:34:01 pm,07/21/2015,-14.8036696,53.1997159,827.244,35.3854,8.2677
2:34:02 pm,07/21/2015,-14.8036893,53.1997252,827.092,35.3659,8.2673
2:34:03 pm,07/21/2015,-14.8036893,53.1997252,827.037,35.3893,8.2669
2:34:04 pm,07/21/2015,-14.8036908,53.1997271,826.989,35.3939,8.2664
2:34:05 pm,07/21/2015,-14.8036908,53.1997271,826.934,35.3883,8.2664
2:34:06 pm,07/21/2015,-14.8036895,53.1997396,826.782,35.3913,8.2663
2:34:07 pm,07/21/2015,-14.8036895,53.1997396,826.782,35.3967,8.2663
2:34:08 pm,07/21/2015,-14.8036812,53.199729,826.679,35.3634,8.2661
2:34:09 pm,07/21/2015,-14.8036812,53.199729,826.555,35.3802,8.2659
2:34:10 pm,07/21/2015,-14.8036823,53.1997265,826.472,35.3832,8.2658
2:34:11 pm,07/21/2015,-14.8036823,53.1997265,826.417,35.3803,8.2655
2:34:12 pm,07/21/2015,-14.8036905,53.1997198,826.313,35.3919,8.2655
2:34:13 pm,07/21/2015,-14.8036905,53.1997198,826.293,35.3911,8.2651
2:34:14 pm,07/21/2015,-14.8036721,53.1997278,826.21,35.3722,8.2651
2:34:15 pm,07/21/2015,-14.8036721,53.1997278,826.141,35.3757,8.265
2:34:16 pm,07/21/2015,-14.8036833,53.1997301,826.107,35.3858,8.265
2:34:17 pm,07/21/2015,-14.8036833,53.1997301,826.038,35.385,8.265
2:34:18 pm,07/21/2015,-14.8037058,53.1997227,826.107,35.3857,8.2648
2:34:19 pm,07/21/2015,-14.8037058,53.1997227,826.038,35.3849,8.2648
2:34:20 pm,07/21/2015,-14.8036734,53.1997389,825.956,35.3919,8.2645
2:34:21 pm,07/21/2015,-14.8036734,53.1997389,825.935,35.3887,8.2645
2:34:22 pm,07/21/2015,-14.8036883,53.1997172,826.06,35.3856,8.2643
2:34:23 pm,07/21/2015,-14.8036883,53.1997172,826.296,35.3864,8.2643
2:34:24 pm,07/21/2015,-14.8037135,53.1997319,826.317,35.3847,8.2643
2:34:25 pm,07/21/2015,-14.8037135,53.1997319,826.373,35.386,8.2642
2:34:26 pm,07/21/2015,-14.8036818,53.1997198,826.352,35.3819,8.2642
2:34:27 pm,07/21/2015,-14.8036818,53.1997198,826.477,35.3844,8.264
2:34:28 pm,07/21/2015,-14.803679,53.1997211,826.63,35.383,8.264
2:34:29 pm,07/21/2015,-14.803679,53.1997211,826.685,35.3822,8.264
2:34:30 pm,07/21/2015,-14.8036739,53.1997197,826.665,35.3829,8.2638
2:34:31 pm,07/21/2015,-14.8036739,53.1997197,826.582,35.3825,8.2638
2:34:32 pm,07/21/2015,-14.8036524,53.1997197,826.79,35.3825,8.2637
2:34:33 pm,07/21/2015,-14.8036524,53.1997197,826.998,35.3801,8.2635
2:34:34 pm,07/21/2015,-14.8036627,53.1997144,826.894,35.3827,8.2633
2:34:35 pm,07/21/2015,-14.8036627,53.1997144,826.895,35.3847,8.2631
2:34:36 pm,07/21/2015,-14.8036475,53.1997311,826.895,35.3869,8.263
2:34:37 pm,07/21/2015,-14.8036475,53.1997311,826.999,35.3842,8.263
2:34:38 pm,07/21/2015,-14.8036575,53.1997169,827.048,35.3846,8.2628
2:34:39 pm,07/21/2015,-14.8036575,53.1997169,827.048,35.3813,8.2625
2:34:40 pm,07/21/2015,-14.8036576,53.199714,827.104,35.3838,8.2625
2:34:41 pm,07/21/2015,-14.8036576,53.199714,827.153,35.3823,8.2623
2:34:42 pm,07/21/2015,-14.8036401,53.199706,827.153,35.384,8.2623
2:34:43 pm,07/21/2015,-14.8036401,53.199706,827.243,35.3848,8.2623
2:34:44 pm,07/21/2015,-14.803641,53.199705,827.348,35.3851,8.2623
2:34:45 pm,07/21/2015,-14.803641,53.199705,827.362,35.3841,8.2622
2:34:46 pm,07/21/2015,-14.8036286,53.1997133,827.314,35.3836,8.262
2:34:47 pm,07/21/2015,-14.8036286,53.1997133,827.363,35.3865,8.2618
2:34:48 pm,07/21/2015,-14.8036374,53.1997103,827.453,35.3821,8.2618
2:34:49 pm,07/21/2015,-14.8036374,53.1997103,826.38,35.3844,8.2615
2:34:50 pm,07/21/2015,-14.8036587,53.1996978,827.468,35.3878,8.2615
2:34:51 pm,07/21/2015,-14.8036587,53.1996978,827.607,35.375,8.2614
2:34:52 pm,07/21/2015,-14.8036262,53.1997119,827.683,35.3842,8.2614
2:34:53 pm,07/21/2015,-14.8036262,53.1997119,827.684,35.3751,8.2612
2:34:54 pm,07/21/2015,-14.8036186,53.1997028,827.712,35.3793,8.2612
2:34:55 pm,07/21/2015,-14.8036186,53.1997028,827.733,35.383,8.261
2:34:56 pm,07/21/2015,-14.8036157,53.1997081,827.664,35.3812,8.261
2:34:57 pm,07/21/2015,-14.8036157,53.1997081,827.685,35.3784,8.261
2:34:58 pm,07/21/2015,-14.8036344,53.1997106,827.734,35.3795,8.261
2:34:59 pm,07/21/2015,-14.8036344,53.1997106,827.665,35.3797,8.2609
2:35:00 pm,07/21/2015,-14.8036184,53.1997069,827.527,35.383,8.2607
2:35:01 pm,07/21/2015,-14.8036184,53.1997069,827.527,35.3836,8.2607
2:35:02 pm,07/21/2015,-14.8036059,53.1997068,827.507,35.3838,8.2607
2:35:03 pm,07/21/2015,-14.8036059,53.1997068,827.528,35.3841,8.2605
2:35:04 pm,07/21/2015,-14.8036212,53.1997011,827.425,35.3834,8.2605
2:35:05 pm,07/21/2015,-14.8036212,53.1997011,827.404,35.3828,8.2605
2:35:06 pm,07/21/2015,-14.8036238,53.1996903,827.322,35.3816,8.2604
2:35:07 pm,07/21/2015,-14.8036238,53.1996903,827.322,35.3833,8.2604
2:35:08 pm,07/21/2015,-14.8036171,53.1997075,827.115,35.3827,8.2604
2:35:09 pm,07/21/2015,-14.8036171,53.1997075,827.06,35.3817,8.2604
2:35:10 pm,07/21/2015,-14.8036573,53.199723,827.06,35.3835,8.2602
2:35:11 pm,07/21/2015,-14.8036573,53.199723,826.956,35.3728,8.2602
2:35:12 pm,07/21/2015,-14.8035996,53.1997091,826.908,35.3886,8.2602
2:35:13 pm,07/21/2015,-14.8035996,53.1997091,826.805,35.3821,8.2602
2:35:14 pm,07/21/2015,-14.8036033,53.1997009,826.701,35.3831,8.2601
2:35:15 pm,07/21/2015,-14.8036033,53.1997009,826.646,35.3846,8.2601
2:35:16 pm,07/21/2015,-14.8035932,53.1996942,826.577,35.3838,8.2601
2:35:17 pm,07/21/2015,-14.8035932,53.1996942,826.391,35.3811,8.2601
2:35:18 pm,07/21/2015,-14.8036051,53.1996989,826.287,35.3841,8.2599
2:35:19 pm,07/21/2015,-14.8036051,53.1996989,826.315,35.3842,8.2599
2:35:20 pm,07/21/2015,-14.8035977,53.1997161,826.288,35.3821,8.2597
2:35:21 pm,07/21/2015,-14.8035977,53.1997161,826.288,35.3831,8.2597
2:35:22 pm,07/21/2015,-14.8036024,53.1997103,826.109,35.3819,8.2597
2:35:23 pm,07/21/2015,-14.8036024,53.1997103,825.977,35.3829,8.2596
2:35:24 pm,07/21/2015,-14.8035907,53.1997089,826.005,35.3804,8.2596
2:35:25 pm,07/21/2015,-14.8035907,53.1997089,825.978,35.382,8.2594
2:35:26 pm,07/21/2015,-14.803609,53.1997062,825.958,35.3848,8.2594
2:35:27 pm,07/21/2015,-14.803609,53.1997062,825.771,35.3833,8.2594
2:35:28 pm,07/21/2015,-14.8036009,53.1997127,825.875,35.3836,8.2593
2:35:29 pm,07/21/2015,-14.8036009,53.1997127,825.751,35.3828,8.2593
2:35:30 pm,07/21/2015,-14.8035904,53.1997086,825.543,35.3885,8.2592
2:35:31 pm,07/21/2015,-14.8035904,53.1997086,825.565,35.3837,8.2592
2:35:32 pm,07/21/2015,-14.8035953,53.1997147,825.461,35.3848,8.2591
2:35:33 pm,07/21/2015,-14.8035953,53.1997147,825.406,35.3736,8.2589
2:35:34 pm,07/21/2015,-14.8035897,53.1997024,825.303,35.3772,8.2589
2:35:35 pm,07/21/2015,-14.8035952,53.1997128,825.255,35.3907,8.2589
2:35:36 pm,07/21/2015,-14.8035952,53.1997128,825.199,35.3788,8.2589
2:35:37 pm,07/21/2015,-14.803598,53.1996958,825.096,35.3855,8.2589
2:35:38 pm,07/21/2015,-14.803598,53.1996958,825.096,35.3857,8.2589
2:35:39 pm,07/21/2015,-14.8035952,53.1997089,824.889,35.3801,8.2589
2:35:40 pm,07/21/2015,-14.8035952,53.1997089,824.841,35.387,8.2588
2:35:41 pm,07/21/2015,-14.8035825,53.1997007,824.841,35.3833,8.2588
2:35:42 pm,07/21/2015,-14.8035825,53.1997007,824.821,35.3843,8.2588
2:35:43 pm,07/21/2015,-14.8036067,53.1996946,824.87,35.3865,8.2588
2:35:44 pm,07/21/2015,-14.8036067,53.1996946,824.738,35.3829,8.2586
2:35:45 pm,07/21/2015,-14.8035958,53.1997033,824.891,35.3829,8.2586
2:35:46 pm,07/21/2015,-14.8035958,53.1997033,824.891,35.3827,8.2586
2:35:47 pm,07/21/2015,-14.8035581,53.1997158,824.975,35.3847,8.2586
2:35:48 pm,07/21/2015,-14.8035581,53.1997158,824.927,35.3858,8.2584
2:35:49 pm,07/21/2015,-14.8035649,53.1996997,825.031,35.3831,8.2584
2:35:50 pm,07/21/2015,-14.8035649,53.1996997,824.893,35.3824,8.2584
2:35:51 pm,07/21/2015,-14.8035161,53.1996896,824.949,35.3829,8.2584
2:35:52 pm,07/21/2015,-14.8035161,53.1996896,824.894,35.3853,8.2584
2:35:53 pm,07/21/2015,-14.8035688,53.1996884,825.053,35.3839,8.2584
2:35:54 pm,07/21/2015,-14.8035688,53.1996884,825.137,35.3827,8.2581
2:35:55 pm,07/21/2015,-14.8035553,53.1996934,825.082,35.3833,8.2581
2:35:56 pm,07/21/2015,-14.8035553,53.1996934,825.082,35.3824,8.2581
2:35:57 pm,07/21/2015,-14.803554,53.1996806,825.083,35.382,8.2581
2:35:58 pm,07/21/2015,-14.803554,53.1996806,825.083,35.3836,8.258
2:35:59 pm,07/21/2015,-14.8035439,53.1996773,825.104,35.3837,8.258
2:36:00 pm,07/21/2015,-14.8035439,53.1996773,825.16,35.3847,8.258
2:36:01 pm,07/21/2015,-14.8035323,53.1996793,825.16,35.3832,8.2579
2:36:02 pm,07/21/2015,-14.8035323,53.1996793,825.576,35.383,8.2578
2:36:03 pm,07/21/2015,-14.8035336,53.1996713,825.452,35.3858,8.2578
2:36:04 pm,07/21/2015,-14.8035336,53.1996713,825.397,35.3839,8.2578
2:36:05 pm,07/21/2015,-14.8035335,53.1996766,825.349,35.383,8.2578
2:36:06 pm,07/21/2015,-14.8035335,53.1996766,825.398,35.3821,8.2578
2:36:07 pm,07/21/2015,-14.8035258,53.1996764,825.523,35.3811,8.2578
2:36:08 pm,07/21/2015,-14.8035258,53.1996764,825.524,35.3824,8.2576
2:36:09 pm,07/21/2015,-14.8035033,53.1996713,825.476,35.3872,8.2576
2:36:10 pm,07/21/2015,-14.8035033,53.1996713,825.629,35.3847,8.2575
2:36:11 pm,07/21/2015,-14.8035225,53.1996669,825.609,35.3823,8.2575
2:36:12 pm,07/21/2015,-14.8035225,53.1996669,825.63,35.3828,8.2575
2:36:13 pm,07/21/2015,-14.8034977,53.1996557,825.631,35.3848,8.2575
2:36:14 pm,07/21/2015,-14.8034977,53.1996557,825.687,35.3808,8.2574
2:36:15 pm,07/21/2015,-14.8034914,53.1996612,825.771,35.3828,8.2574
2:36:16 pm,07/21/2015,-14.8034914,53.1996612,825.792,35.395,8.2573
2:36:17 pm,07/21/2015,-14.8035061,53.1996562,825.737,35.3816,8.2573
2:36:18 pm,07/21/2015,-14.8035061,53.1996562,825.876,35.3845,8.2573
2:36:19 pm,07/21/2015,-14.8035023,53.1996672,825.897,35.383,8.2573
2:36:20 pm,07/21/2015,-14.8035023,53.1996672,825.898,35.3827,8.2572
2:36:21 pm,07/21/2015,-14.8035331,53.1996377,825.926,35.3835,8.2572
2:36:22 pm,07/21/2015,-14.8035331,53.1996377,826.003,35.3819,8.2572
2:36:23 pm,07/21/2015,-14.8035007,53.199662,826.031,35.373,8.2572
2:36:24 pm,07/21/2015,-14.8035007,53.199662,825.948,35.38,8.2571
2:36:25 pm,07/21/2015,-14.8034868,53.1996606,825.983,35.3837,8.257
2:36:26 pm,07/21/2015,-14.8034868,53.1996606,826.108,35.3842,8.257
2:36:27 pm,07/21/2015,-14.8035013,53.1996552,826.109,35.3854,8.2568
2:36:28 pm,07/21/2015,-14.8035013,53.1996552,826.005,35.3851,8.2568
2:36:29 pm,07/21/2015,-14.8035101,53.1996589,825.95,35.3897,8.2568
2:36:30 pm,07/21/2015,-14.8035101,53.1996589,825.985,35.3834,8.2568
2:36:31 pm,07/21/2015,-14.8034786,53.1996549,825.847,35.3839,8.2568
2:36:32 pm,07/21/2015,-14.8034786,53.1996549,825.882,35.3831,8.2568
2:36:33 pm,07/21/2015,-14.8034753,53.1996518,825.903,35.3847,8.2568
2:36:34 pm,07/21/2015,-14.8034753,53.1996518,825.952,35.3901,8.2568
2:36:35 pm,07/21/2015,-14.8034953,53.1996574,825.779,35.3818,8.2568
2:36:36 pm,07/21/2015,-14.8034953,53.1996574,825.745,35.3812,8.2568
2:36:37 pm,07/21/2015,-14.8034926,53.1996564,825.8,35.3841,8.2568
2:36:38 pm,07/21/2015,-14.8034926,53.1996564,825.78,35.3853,8.2568
2:36:39 pm,07/21/2015,-14.8034912,53.1996435,825.78,35.386,8.2567
2:36:40 pm,07/21/2015,-14.8034912,53.1996435,825.697,35.3818,8.2567
2:36:41 pm,07/21/2015,-14.8034792,53.1996453,825.746,35.3836,8.2567
2:36:42 pm,07/21/2015,-14.8034792,53.1996453,825.726,35.3817,8.2567
2:36:43 pm,07/21/2015,-14.8035008,53.1996413,825.747,35.3861,8.2567
2:36:44 pm,07/21/2015,-14.8035008,53.1996413,825.698,35.3829,8.2567
2:36:45 pm,07/21/2015,-14.803492,53.1996341,825.643,35.3827,8.2567
2:36:46 pm,07/21/2015,-14.803492,53.1996341,825.519,35.3829,8.2566
2:36:47 pm,07/21/2015,-14.8034956,53.1996358,825.643,35.3763,8.2566
2:36:48 pm,07/21/2015,-14.8034956,53.1996358,825.748,35.3823,8.2566
2:36:49 pm,07/21/2015,-14.8035056,53.1996355,825.727,35.3816,8.2565
2:36:50 pm,07/21/2015,-14.8035056,53.1996355,825.727,35.3864,8.2565
2:36:51 pm,07/21/2015,-14.8035177,53.1996085,825.7,35.388,8.2565
2:36:52 pm,07/21/2015,-14.8035133,53.1996157,825.749,35.3822,8.2565
2:36:53 pm,07/21/2015,-14.8035133,53.1996157,825.68,35.3745,8.2565
2:36:54 pm,07/21/2015,-14.803518,53.1996063,825.805,35.3589,8.2565
2:36:55 pm,07/21/2015,-14.803518,53.1996063,825.805,35.381,8.2565
2:36:56 pm,07/21/2015,-14.803497,53.1996075,825.833,35.3824,8.2565
2:36:57 pm,07/21/2015,-14.803497,53.1996075,825.785,35.3865,8.2565
2:36:58 pm,07/21/2015,-14.803497,53.1996075,825.806,35.3847,8.2565
2:36:59 pm,07/21/2015,-14.8034958,53.1996066,825.806,35.3838,8.2565
2:37:00 pm,07/21/2015,-14.8034958,53.1996066,825.835,35.3836,8.2565
2:37:01 pm,07/21/2015,-14.8034868,53.1995842,825.856,35.3763,8.2565
2:37:02 pm,07/21/2015,-14.8034868,53.1995842,825.808,35.3831,8.2563
2:37:03 pm,07/21/2015,-14.8034928,53.1995923,825.891,35.382,8.2563
2:37:04 pm,07/21/2015,-14.8035021,53.1995904,825.857,35.3833,8.2563
2:37:05 pm,07/21/2015,-14.8035021,53.1995904,825.753,35.3807,8.2563
2:37:06 pm,07/21/2015,-14.8034961,53.1995895,825.837,35.375,8.2563
2:37:07 pm,07/21/2015,-14.8034961,53.1995895,825.809,35.3808,8.2563
2:37:08 pm,07/21/2015,-14.8035021,53.1995786,825.858,35.38,8.2563
2:37:09 pm,07/21/2015,-14.8035021,53.1995786,825.893,35.3826,8.2563
2:37:10 pm,07/21/2015,-14.8035027,53.1995746,825.963,35.3822,8.2563
2:37:11 pm,07/21/2015,-14.8035027,53.1995746,826.047,35.3814,8.2563
2:37:12 pm,07/21/2015,-14.8034866,53.1995673,825.86,35.382,8.2563
2:37:13 pm,07/21/2015,-14.8034866,53.1995673,825.964,35.3828,8.2563
2:37:14 pm,07/21/2015,-14.803482,53.1995641,826.103,35.3824,8.2563
2:37:15 pm,07/21/2015,-14.803482,53.1995641,826.125,35.386,8.2562
2:37:16 pm,07/21/2015,-14.8034834,53.1995759,826.104,35.3834,8.2562
2:37:17 pm,07/21/2015,-14.8034834,53.1995759,826.07,35.3763,8.2562
2:37:18 pm,07/21/2015,-14.8034761,53.1995624,826.154,35.3823,8.2562
2:37:19 pm,07/21/2015,-14.8034761,53.1995624,826.175,35.3816,8.2562
2:37:20 pm,07/21/2015,-14.8034774,53.1995701,826.258,35.3812,8.2562
2:37:21 pm,07/21/2015,-14.8034774,53.1995701,826.231,35.3808,8.2562
2:37:22 pm,07/21/2015,-14.8034702,53.1995575,826.315,35.3793,8.2562
2:37:23 pm,07/21/2015,-14.8034702,53.1995575,826.176,35.375,8.2562
2:37:24 pm,07/21/2015,-14.8034476,53.1995467,826.156,35.3806,8.2562
2:37:25 pm,07/21/2015,-14.8034476,53.1995467,826.128,35.3817,8.2562
2:37:26 pm,07/21/2015,-14.8034529,53.1995454,826.108,35.3798,8.2562
2:37:27 pm,07/21/2015,-14.8034529,53.1995454,826.025,35.3821,8.2561
2:37:28 pm,07/21/2015,-14.8034312,53.1995378,826.025,35.3812,8.256
2:37:29 pm,07/21/2015,-14.8034312,53.1995378,825.922,35.3806,8.256
2:37:30 pm,07/21/2015,-14.8034457,53.199545,825.922,35.381,8.256
2:37:31 pm,07/21/2015,-14.8034457,53.199545,825.95,35.3814,8.256
2:37:32 pm,07/21/2015,-14.8034365,53.1995577,825.763,35.3815,8.256
2:37:33 pm,07/21/2015,-14.8034365,53.1995577,825.819,35.3804,8.256
2:37:34 pm,07/21/2015,-14.8034509,53.1995388,825.799,35.381,8.256
2:37:35 pm,07/21/2015,-14.8034509,53.1995388,825.716,35.3807,8.2559
2:37:36 pm,07/21/2015,-14.8034595,53.1995393,825.716,35.3806,8.2559
2:37:37 pm,07/21/2015,-14.8034595,53.1995393,825.661,35.3814,8.2559
2:37:38 pm,07/21/2015,-14.8034607,53.1995431,825.696,35.3825,8.2559
2:37:39 pm,07/21/2015,-14.8034607,53.1995431,825.593,35.3785,8.2558
2:37:40 pm,07/21/2015,-14.8034378,53.1995389,825.662,35.3796,8.2558
2:37:41 pm,07/21/2015,-14.8034378,53.1995389,825.455,35.3777,8.2558
2:37:42 pm,07/21/2015,-14.8034333,53.1995329,825.351,35.391,8.2557
2:37:43 pm,07/21/2015,-14.8034333,53.1995329,825.407,35.3844,8.2557
2:37:44 pm,07/21/2015,-14.80345,53.1995218,825.408,35.3824,8.2557
2:37:45 pm,07/21/2015,-14.80345,53.1995218,825.2,35.3822,8.2557
2:37:46 pm,07/21/2015,-14.8034433,53.1995354,825.249,35.3836,8.2557
2:37:47 pm,07/21/2015,-14.8034433,53.1995354,825.146,35.3813,8.2557
2:37:48 pm,07/21/2015,-14.8034373,53.1995118,825.25,35.38,8.2557
2:37:49 pm,07/21/2015,-14.8034373,53.1995118,825.25,35.3823,8.2557
2:37:50 pm,07/21/2015,-14.8034176,53.1995317,825.251,35.3813,8.2557
2:37:51 pm,07/21/2015,-14.8034176,53.1995317,825.099,35.381,8.2557
2:37:52 pm,07/21/2015,-14.8034184,53.1995271,825.044,35.3813,8.2557
2:37:53 pm,07/21/2015,-14.8034184,53.1995271,825.044,35.3805,8.2557
2:37:54 pm,07/21/2015,-14.8034372,53.1995284,825.024,35.4009,8.2557
2:37:55 pm,07/21/2015,-14.8034372,53.1995284,824.872,35.385,8.2555
2:37:56 pm,07/21/2015,-14.803418,53.1995305,824.789,35.3828,8.2555
2:37:57 pm,07/21/2015,-14.803418,53.1995305,824.686,35.3818,8.2555
2:37:58 pm,07/21/2015,-14.8033862,53.1995166,824.61,35.3815,8.2555
2:37:59 pm,07/21/2015,-14.8033862,53.1995166,824.583,35.381,8.2555
2:38:00 pm,07/21/2015,-14.8034076,53.1995211,824.528,35.3782,8.2555
2:38:01 pm,07/21/2015,-14.8034076,53.1995211,824.404,35.3809,8.2555
2:38:02 pm,07/21/2015,-14.8034227,53.1995298,824.425,35.3833,8.2555
2:38:03 pm,07/21/2015,-14.8034227,53.1995298,824.197,35.3839,8.2555
2:38:04 pm,07/21/2015,-14.8034083,53.1995237,824.169,35.3822,8.2555
2:38:05 pm,07/21/2015,-14.8034083,53.1995237,824.066,35.3715,8.2553
2:38:06 pm,07/21/2015,-14.8033987,53.1995311,824.094,35.3775,8.2553
2:38:07 pm,07/21/2015,-14.8033987,53.1995311,824.011,35.3814,8.2553
2:38:08 pm,07/21/2015,-14.8034072,53.1995141,823.908,35.3833,8.2553
2:38:09 pm,07/21/2015,-14.8034072,53.1995141,823.832,35.3805,8.2553
2:38:10 pm,07/21/2015,-14.8033967,53.1995126,823.784,35.3822,8.2553
2:38:11 pm,07/21/2015,-14.8033967,53.1995126,823.625,35.3841,8.2553
2:38:12 pm,07/21/2015,-14.8034066,53.1995063,823.597,35.3867,8.2552
2:38:13 pm,07/21/2015,-14.8034066,53.1995063,823.494,35.3649,8.2552
2:38:14 pm,07/21/2015,-14.8033846,53.1995152,823.39,35.379,8.2552
2:38:15 pm,07/21/2015,-14.8033846,53.1995152,823.266,35.3838,8.2552
2:38:16 pm,07/21/2015,-14.8033655,53.1995212,823.266,35.3793,8.2552
2:38:17 pm,07/21/2015,-14.8033655,53.1995212,823.419,35.3787,8.2552
2:38:18 pm,07/21/2015,-14.8033981,53.1995091,823.42,35.3796,8.2552
2:38:19 pm,07/21/2015,-14.8033981,53.1995091,823.316,35.3838,8.2552
2:38:20 pm,07/21/2015,-14.8033895,53.1995186,823.393,35.3786,8.2552
2:38:21 pm,07/21/2015,-14.8033895,53.1995186,823.394,35.3801,8.2552
2:38:22 pm,07/21/2015,-14.803389,53.1995017,823.394,35.3814,8.2552
2:38:23 pm,07/21/2015,-14.8034045,53.1995074,823.451,35.3805,8.2552
2:38:24 pm,07/21/2015,-14.8034045,53.1995074,823.396,35.3799,8.2552
2:38:25 pm,07/21/2015,-14.8034045,53.1995074,823.396,35.3809,8.2552
2:38:26 pm,07/21/2015,-14.8033765,53.1995103,823.293,35.3781,8.2551
2:38:27 pm,07/21/2015,-14.8033605,53.1995333,823.349,35.3779,8.2551
2:38:28 pm,07/21/2015,-14.8033605,53.1995333,823.322,35.3795,8.2551
2:38:29 pm,07/21/2015,-14.8033414,53.1995238,823.219,35.3812,8.255
2:38:30 pm,07/21/2015,-14.8033414,53.1995238,823.171,35.3827,8.255
2:38:31 pm,07/21/2015,-14.8033463,53.1995078,823.192,35.3799,8.255
2:38:32 pm,07/21/2015,-14.8033463,53.1995078,823.192,35.3802,8.255
2:38:33 pm,07/21/2015,-14.8033492,53.199504,823.089,35.3766,8.255
2:38:34 pm,07/21/2015,-14.8033492,53.199504,823.013,35.3712,8.255
2:38:35 pm,07/21/2015,-14.803356,53.199512,822.965,35.3758,8.255
2:38:36 pm,07/21/2015,-14.803356,53.199512,822.882,35.3865,8.255
2:38:37 pm,07/21/2015,-14.8033488,53.1995077,822.883,35.3779,8.255
2:38:38 pm,07/21/2015,-14.8033488,53.1995077,822.807,35.3825,8.255
2:38:39 pm,07/21/2015,-14.8033378,53.1995096,822.676,35.3822,8.255
2:38:40 pm,07/21/2015,-14.8033378,53.1995096,822.704,35.3803,8.255
2:38:41 pm,07/21/2015,-14.8033611,53.1995009,822.621,35.3854,8.255
2:38:42 pm,07/21/2015,-14.8033611,53.1995009,822.552,35.372,8.255
2:38:43 pm,07/21/2015,-14.8033424,53.1995046,822.469,35.395,8.255
2:38:44 pm,07/21/2015,-14.8033424,53.1995046,822.393,35.3792,8.255
2:38:45 pm,07/21/2015,-14.803339,53.1994934,822.366,35.3757,8.255
2:38:46 pm,07/21/2015,-14.803339,53.1994934,822.415,35.3586,8.2548
2:38:47 pm,07/21/2015,-14.803306,53.199491,822.187,35.3617,8.2548
2:38:48 pm,07/21/2015,-14.803306,53.199491,822.138,35.3738,8.2548
2:38:49 pm,,,,,,8.2548
2:38:50 pm,,,,,,8.2548
2:38:51 pm,07/21/2015,-14.8033459,53.1995025,821.952,35.3919,8.2548
2:38:52 pm,07/21/2015,-14.8033459,53.1995025,821.876,35.3903,8.2548
2:38:53 pm,07/21/2015,-14.8033456,53.1995025,821.828,35.3761,8.2548
2:38:54 pm,07/21/2015,-14.8033456,53.1995025,821.724,35.3813,8.2548
2:38:55 pm,07/21/2015,-14.803295,53.1995039,821.621,35.3806,8.2548
2:38:56 pm,07/21/2015,-14.803295,53.1995039,821.565,35.3751,8.2548
2:38:57 pm,07/21/2015,-14.8033211,53.1994908,821.434,35.383,8.2548
2:38:58 pm,07/21/2015,-14.8033211,53.1994908,821.379,35.3812,8.2548
2:38:59 pm,07/21/2015,-14.8033375,53.1994967,821.199,35.379,8.2548
2:39:00 pm,07/21/2015,-14.8033375,53.1994967,821.254,35.3839,8.2548
2:39:01 pm,07/21/2015,-14.8033373,53.1995001,821.172,35.3859,8.2548
2:39:02 pm,07/21/2015,-14.8033373,53.1995001,821.047,35.4042,8.2548
2:39:03 pm,07/21/2015,-14.8033091,53.1994976,820.916,35.3893,8.2548
2:39:04 pm,07/21/2015,-14.8033091,53.1994976,820.861,35.3771,8.2548
2:39:05 pm,07/21/2015,-14.8033069,53.1994897,820.785,35.3731,8.2548
2:39:06 pm,07/21/2015,-14.8033069,53.1994897,820.757,35.3764,8.2548
2:39:07 pm,07/21/2015,-14.803322,53.1994855,820.758,35.3861,8.2548
2:39:08 pm,07/21/2015,-14.803322,53.1994855,820.682,35.385,8.2548
2:39:09 pm,07/21/2015,-14.8033262,53.1994898,820.71,35.3855,8.2548
2:39:10 pm,07/21/2015,-14.8033262,53.1994898,820.787,35.3859,8.2548
2:39:11 pm,07/21/2015,-14.8032912,53.1995017,820.759,35.3827,8.2548
2:39:12 pm,07/21/2015,-14.8032912,53.1995017,820.711,35.3835,8.2547
2:39:13 pm,07/21/2015,-14.8033076,53.1994922,820.636,35.3834,8.2547
2:39:14 pm,07/21/2015,-14.8033076,53.1994922,820.657,35.3845,8.2547
2:39:15 pm,07/21/2015,-14.8033254,53.1994861,820.74,35.3845,8.2547
2:39:16 pm,07/21/2015,-14.8033042,53.1994753,820.761,35.386,8.2547
2:39:17 pm,07/21/2015,-14.8033042,53.1994753,820.789,35.3852,8.2547
2:39:18 pm,07/21/2015,-14.8033032,53.1994745,820.97,35.3865,8.2547
2:39:19 pm,07/21/2015,-14.8033032,53.1994745,821.053,35.3843,8.2547
2:39:20 pm,07/21/2015,-14.803317,53.199473,821.075,35.3865,8.2547
2:39:21 pm,07/21/2015,-14.803317,53.199473,821.158,35.3852,8.2547
2:39:22 pm,07/21/2015,-14.8033038,53.199467,821.263,35.3831,8.2547
2:39:23 pm,07/21/2015,-14.8033038,53.199467,821.339,35.3849,8.2546
2:39:24 pm,07/21/2015,-14.8033116,53.1994703,821.444,35.3846,8.2545
2:39:25 pm,07/21/2015,-14.8033116,53.1994703,821.527,35.3858,8.2545
2:39:26 pm,07/21/2015,-14.8033019,53.1994558,821.472,35.3852,8.2545
2:39:27 pm,07/21/2015,-14.8033019,53.1994558,821.528,35.3865,8.2545
2:39:28 pm,07/21/2015,-14.8033126,53.1994688,821.632,35.3853,8.2545
2:39:29 pm,07/21/2015,-14.8033126,53.1994688,821.598,35.3845,8.2545
2:39:30 pm,07/21/2015,-14.8033008,53.1994415,821.758,35.3845,8.2545
2:39:31 pm,07/21/2015,-14.8033008,53.1994415,821.758,35.3867,8.2545
2:39:32 pm,07/21/2015,-14.8033131,53.199435,821.863,35.3858,8.2545
2:39:33 pm,07/21/2015,-14.8033131,53.199435,821.946,35.3846,8.2545
2:39:34 pm,07/21/2015,-14.8033128,53.1994301,821.995,35.3845,8.2545
2:39:35 pm,07/21/2015,-14.8033128,53.1994301,822.051,35.3865,8.2545
2:39:36 pm,07/21/2015,-14.8033205,53.1994182,822.12,35.3865,8.2544
2:39:37 pm,07/21/2015,-14.8033205,53.1994182,822.28,35.3855,8.2544
2:39:38 pm,07/21/2015,-14.8033112,53.1994256,822.412,35.3857,8.2544
2:39:39 pm,07/21/2015,-14.8033112,53.1994256,822.489,35.3861,8.2544
2:39:40 pm,07/21/2015,-14.8033116,53.1994053,822.489,35.3858,8.2544
2:39:41 pm,07/21/2015,-14.8033116,53.1994053,822.517,35.3771,8.2543
2:39:42 pm,07/21/2015,-14.8033049,53.1994211,822.594,35.3865,8.2543
2:39:43 pm,07/21/2015,-14.8033049,53.1994211,822.574,35.3855,8.2543
2:39:44 pm,07/21/2015,-14.8033342,53.199402,822.754,35.3834,8.2543
2:39:45 pm,07/21/2015,-14.8033342,53.199402,822.574,35.3863,8.2542
2:39:46 pm,07/21/2015,-14.8033185,53.199409,822.54,35.3856,8.2542
2:39:47 pm,07/21/2015,-14.8033185,53.199409,822.575,35.3852,8.2542
2:39:48 pm,07/21/2015,-14.8033006,53.1994174,822.596,35.3847,8.2542
2:39:49 pm,07/21/2015,-14.8033006,53.1994174,822.389,35.3859,8.2542
2:39:50 pm,07/21/2015,-14.8033126,53.199389,822.521,35.3889,8.2542
2:39:51 pm,07/21/2015,-14.8033126,53.199389,822.542,35.3907,8.2542
2:39:52 pm,07/21/2015,-14.8033611,53.1993835,822.522,35.3861,8.2542
2:39:53 pm,07/21/2015,-14.8033611,53.1993835,822.543,35.3867,8.2542
2:39:54 pm,07/21/2015,-14.8033301,53.1993828,822.474,35.3928,8.2542
2:39:55 pm,07/21/2015,-14.8033301,53.1993828,822.44,35.384,8.2542
2:39:56 pm,07/21/2015,-14.8033249,53.1993662,822.392,35.3854,8.2541
2:39:57 pm,07/21/2015,-14.8033249,53.1993662,822.42,35.3822,8.2541
2:39:58 pm,07/21/2015,-14.8033207,53.1993793,822.392,35.3844,8.2541
2:39:59 pm,07/21/2015,-14.8033283,53.1993776,822.337,35.3852,8.2541
2:40:00 pm,07/21/2015,-14.8033283,53.1993776,822.317,35.3861,8.254
2:40:01 pm,07/21/2015,-14.8033524,53.1993828,822.29,35.3845,8.254
2:40:02 pm,07/21/2015,-14.8033524,53.1993828,822.131,35.3854,8.254
2:40:03 pm,07/21/2015,-14.8033077,53.199366,822.166,35.3853,8.254
2:40:04 pm,07/21/2015,-14.8033077,53.199366,822.111,35.3842,8.254
2:40:05 pm,07/21/2015,-14.8033082,53.199368,822.028,35.3848,8.254
2:40:06 pm,07/21/2015,-14.8033082,53.199368,822.029,35.3857,8.254
2:40:07 pm,07/21/2015,-14.8033041,53.1993628,822.029,35.3839,8.254
2:40:08 pm,07/21/2015,-14.8033041,53.1993628,822.085,35.3854,8.254
2:40:09 pm,07/21/2015,-14.8033029,53.1993668,822.009,35.3854,8.254
2:40:10 pm,07/21/2015,-14.8033029,53.1993668,821.857,35.3854,8.254
2:40:11 pm,07/21/2015,-14.8032896,53.1993649,821.802,35.3833,8.254
2:40:12 pm,07/21/2015,-14.8032896,53.1993649,821.754,35.3845,8.2539
2:40:13 pm,07/21/2015,-14.803292,53.199358,821.754,35.3863,8.2539
2:40:14 pm,07/21/2015,-14.803292,53.199358,821.699,35.3873,8.2539
2:40:15 pm,07/21/2015,-14.8032863,53.1993659,821.7,35.3867,8.2539
2:40:16 pm,07/21/2015,-14.8032863,53.1993659,821.7,35.3845,8.2538
2:40:17 pm,07/21/2015,-14.8032941,53.1993653,821.596,35.385,8.2538
2:40:18 pm,07/21/2015,-14.8032941,53.1993653,821.569,35.3854,8.2538
2:40:19 pm,07/21/2015,-14.8032641,53.1993693,821.41,35.3869,8.2538
2:40:20 pm,07/21/2015,-14.8032641,53.1993693,821.466,35.3848,8.2538
2:40:21 pm,07/21/2015,-14.80327,53.1993717,821.438,35.3848,8.2538
2:40:22 pm,07/21/2015,-14.80327,53.1993717,821.335,35.3854,8.2538
2:40:23 pm,07/21/2015,-14.8032583,53.1993649,821.363,35.3858,8.2537
2:40:24 pm,07/21/2015,-14.8032583,53.1993649,821.364,35.3847,8.2537
2:40:25 pm,07/21/2015,-14.8032686,53.1993663,821.288,35.3858,8.2537
2:40:26 pm,07/21/2015,-14.8032686,53.1993663,821.129,35.3839,8.2537
2:40:27 pm,07/21/2015,-14.8032513,53.1993732,821.157,35.3845,8.2537
2:40:28 pm,07/21/2015,-14.8032513,53.1993732,821.13,35.3859,8.2537
2:40:29 pm,07/21/2015,-14.8032554,53.1993523,821.082,35.385,8.2535
2:40:30 pm,07/21/2015,-14.8032554,53.1993523,820.999,35.3833,8.2535
2:40:31 pm,07/21/2015,-14.8032618,53.1993505,820.875,35.3849,8.2535
2:40:32 pm,07/21/2015,-14.8032618,53.1993505,820.897,35.3855,8.2535
2:40:33 pm,07/21/2015,-14.803261,53.1993684,820.925,35.3855,8.2535
2:40:34 pm,07/21/2015,-14.803261,53.1993684,820.794,35.3863,8.2535
2:40:35 pm,07/21/2015,-14.8032558,53.1993527,820.822,35.3839,8.2535
2:40:36 pm,07/21/2015,-14.8032558,53.1993527,820.747,35.3847,8.2535
2:40:37 pm,07/21/2015,-14.8032371,53.1993547,820.72,35.3853,8.2535
2:40:38 pm,07/21/2015,-14.8032371,53.1993547,820.616,35.3856,8.2534
2:40:39 pm,07/21/2015,-14.8032573,53.1993634,820.589,35.3845,8.2534
2:40:40 pm,07/21/2015,-14.8032573,53.1993634,820.569,35.3851,8.2534
2:40:41 pm,07/21/2015,-14.8032429,53.199357,820.514,35.3845,8.2534
2:40:42 pm,07/21/2015,-14.8032429,53.199357,820.487,35.3838,8.2534
2:40:43 pm,07/21/2015,-14.8032616,53.1993643,820.543,35.3876,8.2534
2:40:44 pm,07/21/2015,-14.8032616,53.1993643,820.363,35.3851,8.2533
2:40:45 pm,07/21/2015,-14.8032474,53.1993386,820.204,35.3836,8.2532
2:40:46 pm,07/21/2015,-14.8032474,53.1993386,820.336,35.3844,8.2532
2:40:47 pm,07/21/2015,-14.8032424,53.1993469,820.233,35.3855,8.2532
2:40:48 pm,07/21/2015,-14.8032424,53.1993469,820.129,35.3849,8.2532
2:40:49 pm,07/21/2015,-14.8032562,53.1993438,820.234,35.3823,8.2532
2:40:50 pm,07/21/2015,-14.8032562,53.1993438,820.102,35.3841,8.2532
2:40:51 pm,07/21/2015,-14.8032562,53.1993373,819.95,35.382,8.2531
2:40:52 pm,07/21/2015,-14.8032562,53.1993373,819.999,35.3846,8.2531
2:40:53 pm,07/21/2015,-14.8032521,53.1993415,819.896,35.3808,8.2531
2:40:54 pm,,,,,,8.2531
2:40:55 pm,07/21/2015,-14.8032474,53.1993356,819.869,35.3831,8.2531
2:40:56 pm,07/21/2015,-14.8032376,53.1993422,819.765,35.3845,8.2531
2:40:57 pm,07/21/2015,-14.8032376,53.1993422,819.821,35.3848,8.2531
2:40:58 pm,07/21/2015,-14.803225,53.1993437,819.821,35.3809,8.2531
2:40:59 pm,07/21/2015,-14.803225,53.1993437,819.69,35.3806,8.253
2:41:00 pm,07/21/2015,-14.8032361,53.1993427,819.642,35.3843,8.253
2:41:01 pm,07/21/2015,-14.8032361,53.1993427,819.642,35.385,8.253
2:41:02 pm,07/21/2015,-14.803242,53.199344,819.614,35.3849,8.253
2:41:03 pm,07/21/2015,-14.803242,53.199344,819.511,35.3822,8.253
2:41:04 pm,07/21/2015,-14.8032221,53.19934,819.483,35.3846,8.2529
2:41:05 pm,07/21/2015,-14.8032221,53.19934,819.456,35.3847,8.2529
2:41:06 pm,07/21/2015,-14.8032204,53.1993452,819.407,35.3836,8.2529
2:41:07 pm,07/21/2015,-14.8032204,53.1993452,819.331,35.3834,8.2529
2:41:08 pm,07/21/2015,-14.8032282,53.1993304,819.408,35.3822,8.2529
2:41:09 pm,07/21/2015,-14.8032282,53.1993304,819.276,35.3842,8.2529
2:41:10 pm,07/21/2015,-14.8032055,53.1993332,819.228,35.3839,8.2529
2:41:11 pm,07/21/2015,-14.8032055,53.1993332,819.097,35.385,8.2529
2:41:12 pm,07/21/2015,-14.8032038,53.1993331,819.069,35.384,8.2529
2:41:13 pm,07/21/2015,-14.8032038,53.1993331,819.097,35.3851,8.2529
2:41:14 pm,07/21/2015,-14.8032035,53.199341,819.07,35.3838,8.2528
2:41:15 pm,07/21/2015,-14.8032035,53.199341,818.939,35.3845,8.2528
2:41:16 pm,07/21/2015,-14.8032043,53.1993252,818.939,35.3841,8.2528
2:41:17 pm,07/21/2015,-14.8032043,53.1993252,818.863,35.3843,8.2528
2:41:18 pm,07/21/2015,-14.8031846,53.1993252,818.787,35.3851,8.2528
2:41:19 pm,07/21/2015,-14.8031846,53.1993252,818.76,35.3852,8.2527
2:41:20 pm,07/21/2015,-14.8031893,53.199328,818.816,35.3847,8.2527
2:41:21 pm,07/21/2015,-14.8031893,53.199328,818.733,35.3843,8.2527
2:41:22 pm,07/21/2015,-14.8031886,53.1993218,818.685,35.3848,8.2527
2:41:23 pm,07/21/2015,-14.8031886,53.1993218,818.602,35.3862,8.2527
2:41:24 pm,07/21/2015,-14.8031943,53.1993224,818.554,35.3841,8.2527
2:41:25 pm,07/21/2015,-14.8031943,53.1993224,818.499,35.3847,8.2527
2:41:26 pm,07/21/2015,-14.8031807,53.1993246,818.451,35.385,8.2527
2:41:27 pm,07/21/2015,-14.8031807,53.1993246,818.375,35.3844,8.2527
2:41:28 pm,07/21/2015,-14.8031635,53.1993044,818.32,35.3842,8.2527
2:41:29 pm,07/21/2015,-14.8031635,53.1993044,818.376,35.3845,8.2526
2:41:30 pm,07/21/2015,-14.8031721,53.199307,818.425,35.3854,8.2526
2:41:31 pm,07/21/2015,-14.8031721,53.199307,818.321,35.3842,8.2526
2:41:32 pm,07/21/2015,-14.803171,53.1993014,818.349,35.3842,8.2525
2:41:33 pm,07/21/2015,-14.803171,53.1993014,818.35,35.3845,8.2525
2:41:34 pm,07/21/2015,-14.803119,53.1993008,818.35,35.384,8.2525
2:41:35 pm,07/21/2015,-14.803119,53.1993008,818.399,35.3845,8.2524
2:41:36 pm,07/21/2015,-14.8031634,53.1992979,818.296,35.3839,8.2524
2:41:37 pm,07/21/2015,-14.8031634,53.1992979,818.455,35.3832,8.2524
2:41:38 pm,07/21/2015,-14.8031455,53.1992982,818.352,35.3836,8.2524
2:41:39 pm,07/21/2015,-14.8031455,53.1992982,818.297,35.3839,8.2524
2:41:40 pm,07/21/2015,-14.8031259,53.1992922,818.277,35.3849,8.2524
2:41:41 pm,07/21/2015,-14.8031259,53.1992922,818.277,35.3851,8.2522
2:41:42 pm,07/21/2015,-14.8031462,53.1992978,818.381,35.3847,8.2521
2:41:43 pm,07/21/2015,-14.8031109,53.1992864,818.222,35.3843,8.2521
2:41:44 pm,07/21/2015,-14.8031109,53.1992864,818.223,35.3848,8.252
2:41:45 pm,07/21/2015,-14.8031308,53.1992892,818.195,35.3846,8.2518
2:41:46 pm,07/21/2015,-14.8031308,53.1992892,818.196,35.3846,8.2518
2:41:47 pm,07/21/2015,-14.8031081,53.1992871,818.148,35.3841,8.2518
2:41:48 pm,07/21/2015,-14.8031081,53.1992871,818.197,35.3838,
2:41:49 pm,07/21/2015,-14.8030959,53.19929,818.045,35.3845,
2:41:50 pm,07/21/2015,-14.8030959,53.19929,818.149,35.3843,
